item_id,frequency
KV1DG,yearly
FLXDL,once
W5DBR,yearly
P8WKJ,quarterly
1JA6J,weekly
H84CU,once
AU395,yearly
J7SCA,monthly
O5TRO,yearly
1J5N2,quarterly
G71SV,yearly
Y0ROQ,quarterly
QANLL,daily
GG5P7,weekly
2DS61,monthly
TLK9K,once
U5V46,daily
HD377,weekly
6WPC0,quarterly
GC9F1,daily
4IBZ1,weekly
XVQ6O,once
QM9C9,yearly
N9ZUR,quarterly
NHSXD,weekly
5YR3V,quarterly
XNFUA,daily
5YRO9,monthly
V08TN,once
3TBV8,once
TCM7S,quarterly
IPKWV,weekly
V1GC5,daily
X731M,daily
NZ49B,weekly
6DZN1,once
RTZXP,weekly
DU4D5,once
4PHIJ,daily
A84SY,weekly
QO90N,weekly
AXHYW,quarterly
EMTTB,daily
YCIGI,quarterly
PYGY9,daily
RAJQE,daily
PMG2K,quarterly
RM9A7,once
MXHUI,yearly
EAOS9,monthly
I7SX0,quarterly
PIHPZ,monthly
N9LIS,quarterly
6FME6,daily
MM3PJ,monthly
D7O6L,monthly
3BLQ4,monthly
ZA7ZF,weekly
HAPZ0,daily
L14C3,monthly
JD0UD,monthly
VD22L,monthly
0C6NK,daily
YN00B,monthly
2JBJM,once
HAEFF,monthly
VMGO3,monthly
G0T0N,yearly
JSDNR,once
SC1QX,quarterly
A0VN9,yearly
PKPEE,yearly
8AMVX,once
6X0RK,once
5LZMS,daily
S9DYD,quarterly
9IVS9,monthly
IBMNJ,once
RL4GH,weekly
WSMPK,daily
0GK95,weekly
6A9WS,daily
AKGF9,daily
WODHB,quarterly
WFCZ6,daily
F190V,daily
52PKP,once
TTXVM,weekly
X44ON,once
UWQLE,weekly
LRAQC,once
3LHR7,once
N5KKG,yearly
2QGSV,daily
GUKJ5,weekly
TCYWW,yearly
5PELH,daily
K22M7,quarterly
JDX4F,monthly
ENKHD,monthly
YLA7I,quarterly
VDNDG,daily
N938N,quarterly
POEEF,daily
ANM9V,yearly
VMDWA,yearly
9FRB4,weekly
V56WM,weekly
CW3VM,daily
RO1YJ,once
BWOQ1,daily
3U3ZL,quarterly
2K1SK,daily
8T422,monthly
X9N5O,daily
QDIXQ,weekly
PUQHH,yearly
C4G5P,monthly
5512V,monthly
GVJ87,weekly
7FD3N,daily
CGBJ6,daily
3QBH9,monthly
9G4LA,monthly
WIXMY,weekly
WBZ9K,once
ASSXS,weekly
BQFKL,quarterly
THRRU,yearly
9EU4G,quarterly
Q8IWV,quarterly
I080C,weekly
SHQJN,weekly
8XY4Z,quarterly
FK5IY,once
K85RF,quarterly
0TMEN,weekly
VOQO8,monthly
JH956,monthly
4LOD5,quarterly
6LLPT,weekly
WLVJ0,quarterly
MVOQO,quarterly
AZOF3,once
W8DQK,once
STRHR,daily
F5DE2,daily
EDDNH,quarterly
MSWP6,daily
Q92TT,yearly
6ESUH,quarterly
BPVJG,daily
HJ9SU,quarterly
IUVHV,weekly
JCEVH,once
YCMC6,quarterly
A4HOL,daily
60IJG,weekly
6IHX7,daily
DEAQN,yearly
QZ6SL,monthly
YG2RK,once
ESXRJ,quarterly
6GVOA,yearly
NBAWW,once
D1RXA,daily
UFANH,monthly
XPPW4,once
FQW7M,quarterly
IKYE9,once
C18NM,weekly
QHVVP,once
MFVQT,quarterly
I0BII,yearly
BG2CK,quarterly
DSFUG,quarterly
QSW40,daily
S1TQ8,daily
SEC6B,weekly
HSIYF,yearly
8T4O7,monthly
QSS67,monthly
NNO30,yearly
LVI0R,yearly
7CJBH,monthly
86KTH,monthly
ZUE2K,once
JN7RJ,yearly
T7ZIJ,weekly
1V84A,monthly
6J9A9,daily
WJ6W6,daily
ZDJ5J,weekly
8KZOP,weekly
KR12D,daily
PWB53,quarterly
MGYBC,yearly
ZQSTY,daily
N2LC5,monthly
91ZAU,weekly
PBXNQ,quarterly
7ND8K,yearly
QA9T9,daily
NO7E9,once
NRI8K,monthly
GPVL7,weekly
GTP26,weekly
08CXH,daily
HKGD4,once
YC1AW,yearly
XE2V4,weekly
VV7PT,quarterly
J4IVC,monthly
H94MO,quarterly
WD939,quarterly
QYR18,quarterly
IEFST,weekly
84RGS,quarterly
L7TGG,yearly
NVKZB,quarterly
ABCGC,weekly
T1N4Z,monthly
RKTNQ,yearly
G934X,monthly
HGBY7,weekly
4AZCY,quarterly
7B8CN,monthly
ILZPZ,monthly
6C767,once
N1ZYN,once
2MVW8,daily
ED6CD,once
XF6LQ,monthly
2XIBM,quarterly
BXHXQ,yearly
0QSI0,quarterly
XDC9P,daily
YF6JA,once
MJDP9,weekly
JO3QD,quarterly
QANFW,daily
PD8NX,daily
4GP4B,daily
NJLJ8,weekly
LY430,quarterly
5AAEL,quarterly
U36A1,once
8LC3U,monthly
UYZ5O,yearly
L1K5I,quarterly
C27C6,monthly
EEOKB,yearly
Y46O9,quarterly
0KXEW,once
IUSJ8,quarterly
P4FIZ,once
DYM05,weekly
C9OUY,yearly
A7LMD,weekly
HAL08,daily
UA4A9,daily
UGQFT,monthly
H0LBB,weekly
MQKGD,weekly
TKDRJ,yearly
BBT39,monthly
1KUI3,quarterly
OEIEW,daily
W651R,weekly
PGCR8,weekly
BP31P,weekly
06O7X,yearly
0WM75,quarterly
U8YAD,monthly
QDFX4,yearly
4SGT8,monthly
GDY49,yearly
CLAVN,weekly
HSI4N,daily
OWKS2,monthly
KKNAM,quarterly
MQ2GA,monthly
NPBBS,monthly
VR69X,daily
AOREC,monthly
AP0H1,weekly
2UD2Z,daily
BBFPG,weekly
AQTMI,once
YRX7J,weekly
N4SUN,once
KSUFI,once
M5CMB,weekly
EC6R4,once
3KMID,daily
TMQ3L,yearly
7N8JR,quarterly
UU8NP,once
NMUVM,quarterly
YV2JU,yearly
AN7RV,once
26WTI,monthly
EFB6O,yearly
C14YZ,weekly
SHNIG,monthly
5PFNQ,daily
2C2U8,once
K27EV,yearly
TBQ08,monthly
3QOGA,once
WG5RB,daily
TAUPT,yearly
M7R3X,monthly
B37SY,weekly
WP9QF,once
0PAO8,monthly
VTVGH,monthly
6CD5D,once
5V4K8,weekly
1QOCI,quarterly
D2PGE,quarterly
A6C7C,quarterly
9ZHU3,daily
57F8O,yearly
8AW5Z,daily
N1POE,quarterly
KS5LP,daily
4IOM2,monthly
CUHMW,weekly
H3EBW,yearly
2CTTN,weekly
IPXUZ,quarterly
HHK85,quarterly
HIIH4,weekly
OBNUC,monthly
L8LIF,once
PWKHN,quarterly
RGAAB,weekly
OWPIY,quarterly
HEV25,once
K11PO,yearly
4BOKQ,quarterly
8TDS1,monthly
6JY9M,yearly
V2A0H,weekly
S2HNZ,once
T9YPP,once
BWEEZ,yearly
0UQ1W,weekly
D6HD3,daily
7P0GU,yearly
11WU4,daily
QMTJ8,weekly
MR5BC,quarterly
OG6GD,monthly
ENNHL,yearly
B8MVR,monthly
7BPZG,daily
LIZRS,quarterly
UJVUU,weekly
TUA2R,daily
5YC7S,daily
51FKT,weekly
5MD2U,yearly
EERSR,daily
VMPW6,once
LTYJ8,quarterly
F4G60,once
Y2CCN,yearly
3NVQH,yearly
8VZCY,monthly
LVGAV,yearly
IRAFD,yearly
FLVLU,monthly
A7JPZ,quarterly
MXDR0,monthly
KTHM1,yearly
1M8JK,daily
XDNR0,monthly
5ETSX,weekly
18RIQ,once
QB2K8,yearly
PCCDE,daily
8H1CJ,monthly
WLGH6,monthly
6D2M8,once
M2FAP,yearly
WSF9A,daily
VD8NS,weekly
R4SFF,once
NF66H,once
Z2XOJ,weekly
BDZE5,quarterly
V5ZAJ,weekly
GI1FG,daily
1ICFS,once
IQQSN,yearly
WQC5L,monthly
7538U,weekly
GRRFR,weekly
41LJI,once
N53AK,quarterly
USU2M,monthly
M5Y2L,yearly
KHJO8,daily
FXXSQ,yearly
RN06J,weekly
28LUI,yearly
B5AGB,once
R099G,weekly
OWS7F,weekly
W8549,yearly
KEC4M,once
D5B32,quarterly
R2PDS,weekly
M4XRC,weekly
O2G6U,yearly
UQQIO,daily
4WF7K,daily
9QZCQ,monthly
4AVCC,weekly
9VAYC,quarterly
F0SSV,weekly
FWARA,weekly
UOW05,yearly
WRMSF,once
RNQN4,monthly
AT7UO,weekly
1WGLG,once
ZT4V0,weekly
8NOZE,monthly
H9394,quarterly
PQMIE,monthly
J5Z79,once
N5JD2,monthly
GEOP8,weekly
1M8IN,monthly
O9RS8,once
UWRHD,weekly
G56D1,weekly
EC82Z,monthly
MAO7O,quarterly
8G80R,yearly
9ODS8,quarterly
0A8ES,monthly
12J7N,once
CL4NX,once
WHQ8I,daily
5CHTR,yearly
6ZAVC,yearly
BZR4R,monthly
I3SU1,monthly
JLIPM,once
19TFD,monthly
77JTI,weekly
GIQO6,quarterly
RLA3E,once
KIE8I,once
7HIJP,once
TU5V2,daily
I2PXD,once
LFZOJ,yearly
2HAT4,weekly
Q4VDG,weekly
8K2M9,weekly
4YVD6,yearly
HFNN6,once
YT8VZ,weekly
CZ8BW,yearly
XYC8F,weekly
MUYKW,quarterly
UH85O,yearly
WYG6I,quarterly
4961T,yearly
X8GN7,weekly
H8C06,weekly
WNQEV,monthly
F851Y,quarterly
KH7V9,weekly
Q1COI,monthly
EF738,daily
X549M,daily
LO1AK,daily
LQH77,quarterly
29MAH,yearly
V1GVA,quarterly
E4H4Y,once
R3WQE,once
2FDCS,daily
Q2SBB,weekly
S2GYU,monthly
SD3CG,quarterly
EHPZB,daily
UPRM1,daily
F29A2,weekly
EHVJU,weekly
EWRGH,quarterly
NNIUF,daily
D86Q5,yearly
V6VPI,monthly
H6QIM,yearly
6JISQ,weekly
AZ33I,once
U26HZ,daily
JN009,monthly
NV9W6,weekly
BOMRW,monthly
ERILV,quarterly
HPXO7,yearly
9PCQT,once
MCIS5,quarterly
KUYN0,once
TK7VV,daily
4VJ18,yearly
XUX1B,quarterly
W7RZ1,daily
929IG,weekly
8PPHV,yearly
PQ9L4,weekly
99Z0Y,weekly
YYWRX,monthly
7Z0U1,once
XLCIU,yearly
AL3XS,once
MJL8T,monthly
EAIPH,quarterly
DUV05,daily
25GU3,weekly
RWYF7,once
CYM17,quarterly
3F0CO,daily
UTTIV,monthly
1DKKP,quarterly
F8X32,once
5636T,weekly
A043H,yearly
U4G8R,yearly
E8LHO,quarterly
WKSQW,quarterly
CTNDL,once
URREL,monthly
6K2HM,once
7PDFD,monthly
FKNOZ,quarterly
K2RI2,daily
B2V0D,quarterly
97VNU,yearly
WJ5PN,yearly
ISAQS,monthly
HFI6N,yearly
FZU25,monthly
ORQLC,quarterly
OTCB8,monthly
NT1N2,quarterly
JPMCQ,once
OLXY2,once
WFD3U,weekly
MKF6J,daily
E36YW,daily
1GASO,quarterly
VULNG,yearly
EP9G5,monthly
PX3X4,daily
ZLQGX,quarterly
V5BD4,weekly
1DFWA,yearly
ASY85,daily
DFNZO,once
XFCDR,weekly
8GYGH,weekly
ALQTG,monthly
TUVNQ,weekly
POKYF,daily
T1PRR,monthly
YEBZV,quarterly
1O4BK,daily
Q5J1V,yearly
HL0WA,daily
574GT,once
3D0Q7,quarterly
FDXXW,daily
HA9Y7,weekly
UZP4Z,monthly
WV9HK,weekly
G9M7N,monthly
KP50X,daily
US926,weekly
L5GIN,yearly
O138G,quarterly
JM6W9,quarterly
KLDXU,yearly
B5VSZ,daily
LHXAX,yearly
KT4D3,daily
S5R0A,weekly
K0OD4,once
N09LW,once
63AUE,daily
K2P7S,daily
DARQ1,monthly
P0CFL,yearly
SUNKO,monthly
HM4EQ,weekly
HDQYO,daily
NKK21,daily
CWSQC,daily
9ZB67,monthly
XSH6I,weekly
Y3FSM,yearly
MQ11R,weekly
VYGZQ,monthly
KNMHS,yearly
WX1FK,once
W9K96,monthly
LA3AJ,yearly
KDEGL,quarterly
GICM5,weekly
DI1HA,once
3ZUI3,weekly
9P97R,monthly
OE2Q9,daily
M7KH6,weekly
Q83VE,monthly
OJI4X,quarterly
9BECT,monthly
UNKPK,daily
27G0S,yearly
E89NI,quarterly
E3ZAU,weekly
EA6IA,quarterly
MS685,yearly
XS8KW,quarterly
M99J2,monthly
M1AN8,weekly
S098U,weekly
2LIGE,quarterly
F3BJG,daily
TVSML,daily
VM62D,weekly
MB43W,weekly
I9MX6,yearly
6GAQ5,quarterly
P5KSZ,quarterly
7J022,monthly
ITVZH,yearly
KO6CM,daily
35P4U,once
LIA4Z,daily
VOLWA,yearly
0TTD5,quarterly
JZ52B,yearly
5BIP5,weekly
MLQYB,yearly
KFWGM,quarterly
SMCZ1,quarterly
UYC3L,once
UPY2H,weekly
8BKFG,once
5TQGH,quarterly
LZZU6,once
99XNC,weekly
CAVRB,daily
ZULKZ,yearly
EJCH5,weekly
4YXU2,daily
PB4BQ,monthly
A7TFD,quarterly
M4N4M,daily
K0S54,weekly
W7QQY,once
KCY0A,once
10RVC,quarterly
07W0X,quarterly
WCYUW,quarterly
ETXR9,once
9XSV8,quarterly
DOY4U,yearly
GL90J,yearly
6AY2F,weekly
JLFEK,daily
7C3FT,once
D9WDR,daily
QVZQO,quarterly
XEJ6U,quarterly
RMQBB,weekly
WK598,once
UDROS,yearly
S4DF0,weekly
IVU2I,once
WO3HS,monthly
BXB52,yearly
2PAL6,once
JUYN3,once
AONGF,monthly
E9ULD,once
NRZ97,daily
V450J,yearly
40ZOV,once
X7HF2,daily
W9WNR,weekly
XRFXW,daily
U2YGG,quarterly
Z5G52,weekly
2W7AO,weekly
9HIMR,weekly
EGVM6,once
AXZFG,daily
38J7F,daily
ZMG9X,weekly
YWB8U,daily
JF1A2,weekly
JDLBS,monthly
ZBRKF,yearly
O5CE5,weekly
KGXBD,quarterly
AUR0N,quarterly
NAY94,monthly
2AAKL,once
VV73E,weekly
K4ZWN,quarterly
7R8IW,monthly
TUSM3,daily
WIY7Q,quarterly
1E322,yearly
FOGBC,yearly
LFTY5,daily
7YNOQ,daily
3JJ4D,weekly
BEDDY,quarterly
NLYRB,daily
0WAJU,daily
3EWHT,yearly
CJYWM,monthly
HWIAV,yearly
LXSA8,once
Y4Q9G,once
NVFAI,yearly
M8GXL,daily
X8EYA,monthly
GGXJS,once
ZT1S1,weekly
CUPAW,daily
49ZYJ,weekly
M7POV,quarterly
MVX6K,monthly
8291J,daily
ONHCG,weekly
2XWI9,weekly
X0UK2,weekly
W1027,quarterly
TCV64,once
UKONE,yearly
OKOC3,once
DFMOP,daily
8JLCH,monthly
5YDSC,once
KB771,quarterly
7XERB,weekly
LYNUP,once
QSHXX,weekly
INGT5,daily
3R096,daily
I5HWR,once
7K3MU,once
KHDNV,daily
R9OYW,weekly
7F2GV,quarterly
N30O4,yearly
2RIM8,once
N95A9,yearly
L9V2I,weekly
HZUHR,weekly
Y0KF1,monthly
L0XTQ,weekly
LPSVI,once
PH73J,quarterly
DFL7M,daily
MC5WH,weekly
QEJ3Q,quarterly
P5GRT,monthly
8C6ZM,daily
4B1IT,quarterly
N48HZ,daily
R5L9B,once
MDL6K,yearly
Z5D2A,monthly
XTT8H,once
8R83T,quarterly
I1PDY,weekly
EIMJ1,weekly
5W7WK,yearly
ZEQVK,daily
YPSOW,daily
BTKYS,quarterly
7ISI1,yearly
G0PPI,once
QZD4N,monthly
WL6QR,monthly
4YH6I,daily
64U58,once
XUPWS,yearly
K7LD6,monthly
I49U5,yearly
YYZRK,weekly
KGZKO,monthly
AATWP,weekly
BSIDP,yearly
BUBOL,weekly
RX7BU,daily
1OZFH,quarterly
YATDP,yearly
LAR54,quarterly
DOGKE,daily
6YGLV,once
D1CDN,quarterly
WR7K1,quarterly
Z8L7I,monthly
YIJZZ,monthly
R6JKG,monthly
TIZ11,once
DFAP4,daily
EDKU9,monthly
BLKGF,weekly
X0MBW,quarterly
TH0IG,yearly
VAPZV,weekly
X852A,weekly
D6YBH,monthly
G5H3L,quarterly
ZXVA5,yearly
76BX8,monthly
JBI9O,yearly
4CYRD,monthly
67PRP,yearly
KN7Y0,daily
F7HHB,yearly
3QH48,monthly
3QC9E,quarterly
03KQS,quarterly
JIQHK,weekly
AVELX,once
T6PM6,yearly
9QIWM,weekly
OQH2R,once
IWKF2,quarterly
W476F,monthly
KVGQU,once
HOY0Y,quarterly
EDIZB,yearly
W1660,quarterly
564A0,yearly
8J5CL,daily
F28QK,once
B7P6R,daily
E6NMP,once
DXM5R,quarterly
C4J5O,daily
4PEW5,daily
PN54O,once
BADTV,monthly
43H20,weekly
D8ZQ2,weekly
90LCO,quarterly
FXE7Z,yearly
51GTK,yearly
WSZQS,quarterly
09T7J,daily
CW8N2,yearly
UXGSA,daily
FFJE0,monthly
6RYL1,weekly
4W5AK,monthly
42JI4,quarterly
5UII6,yearly
ML5X1,yearly
8RVGS,once
QX34P,monthly
MMPBD,weekly
DV4SN,daily
JUALB,monthly
6GUIW,once
2DMWI,daily
8XAHD,monthly
MULR5,weekly
SN09B,once
3RE3D,daily
5ZE3D,once
X2NZS,monthly
CZHSN,monthly
QQ9DN,quarterly
6TGES,monthly
TCKRC,monthly
UR4LY,weekly
M2QF3,monthly
NSJXS,monthly
M7K4P,monthly
4WI82,once
8BYT3,weekly
JCUNN,daily
KF93G,yearly
A5YA2,weekly
7W8QP,daily
KSKDJ,quarterly
RS48W,daily
BGXW0,monthly
64SP8,once
IGA77,daily
WQVYU,daily
UP07X,weekly
WDR29,yearly
IAZYI,daily
AQ5BN,daily
16S7Q,yearly
P7MN5,monthly
OXHGL,quarterly
TL33P,yearly
L0325,once
EOXEW,daily
MXK15,once
AB3ZW,once
4S1DM,yearly
9Y6R4,monthly
056NO,monthly
GBTZ6,monthly
LN1EX,yearly
Q7F1R,yearly
KGOUT,quarterly
DDSEL,quarterly
Q4UCJ,quarterly
QD71A,weekly
B95CA,quarterly
91MJB,yearly
X8P3Q,yearly
QZD45,yearly
O3ZN5,once
P3P9X,yearly
PL34R,weekly
VNY1I,monthly
YIMUR,daily
H0SXG,daily
2VRCR,once
P2WR3,yearly
4PW4D,once
1M88Y,yearly
F5WDS,quarterly
NNMV4,once
ZM5AW,monthly
Y908W,quarterly
LRG7J,quarterly
6S4YU,quarterly
IJECD,daily
JEJ8D,yearly
JE7QN,yearly
UPAZU,once
DLR5O,monthly
BM16K,yearly
VXHPA,monthly
ZQ0FJ,quarterly
5K743,weekly
XJ88C,yearly
8KXXU,quarterly
JY36T,once
Q4UKL,quarterly
4UBB0,once
VC599,daily
0TXQ6,once
58SFY,yearly
A6NWU,weekly
2AKOK,monthly
X4H5Y,yearly
W30RB,once
27SZF,weekly
IYCCI,once
WRVCX,quarterly
OOX8F,daily
OF770,quarterly
HDX5Q,once
WKD7L,once
WBP3Z,yearly
VBGUH,yearly
0OXQB,yearly
8HN4B,weekly
A0E9Y,daily
RF5N7,monthly
HZIBN,daily
W1LQ4,monthly
72W1H,once
NZUHA,monthly
DOPBR,daily
EXY0Z,yearly
CQLO6,yearly
4HT2T,quarterly
9BKTO,yearly
ENFF8,monthly
MS227,yearly
ZSCPP,yearly
OZGCM,monthly
3CW53,quarterly
4CAR2,yearly
U55ZS,once
CBG52,quarterly
5U8QH,daily
SI8T4,quarterly
THFWC,yearly
0HT6P,weekly
4XY10,once
T9VBV,once
H5Y1H,quarterly
UYE30,yearly
6QZC0,monthly
K3JNL,once
NF1A3,monthly
99RH5,monthly
X26SO,monthly
XG7KV,daily
1LPZV,yearly
81CD0,weekly
ZK0RH,yearly
EPOSZ,quarterly
WCB6Y,daily
8SBQH,once
ZAUQO,once
16L1B,weekly
KVYZZ,daily
R3BJL,monthly
39EPH,daily
QPZG2,weekly
1BK15,yearly
9TOWH,monthly
YTD2D,quarterly
OFTJE,once
3TYM3,daily
3C5S5,once
5S509,daily
OKHYY,yearly
IV6PO,monthly
2KE00,yearly
62QBI,yearly
5PYO4,once
INJX1,yearly
QIYWU,quarterly
VA9SH,weekly
NU5MP,yearly
T6VJY,once
9WXNE,yearly
I4C8A,once
9VSBY,weekly
T1R5H,monthly
QHHB6,quarterly
KMTRC,monthly
AEJ90,monthly
KEE0J,weekly
QW5S3,daily
SD263,weekly
0W2YD,once
ALWAL,once
47KGP,monthly
2OMOS,daily
AWYI6,daily
PHL3A,yearly
22MKE,monthly
GNMYE,yearly
PXKQ4,weekly
PQN0T,once
ZU1XF,quarterly
02A3A,daily
WBEY8,daily
MZ0CC,weekly
HU4QB,quarterly
838YX,weekly
2Z6ML,once
FCC2T,weekly
R7U1D,quarterly
008B5,daily
RYRLP,daily
AMH7H,daily
Z4CVZ,weekly
NCFKQ,weekly
3NNRH,quarterly
UGYVS,monthly
6JAAH,monthly
QYYE2,daily
H0VM1,once
ZO0C6,yearly
H7CXM,daily
8CR0C,weekly
W7N9V,monthly
QIDW5,monthly
WUAA1,monthly
CIMGB,weekly
LM2FF,monthly
YZFWK,monthly
C0992,quarterly
OCRZE,daily
EK73U,once
CPPIR,daily
DZ6DE,weekly
P80WO,quarterly
JG4EA,weekly
S96QH,quarterly
WQ1UR,daily
UERJF,weekly
VUJUT,yearly
NOH1U,daily
G5CLD,weekly
YBS45,daily
PA0LB,quarterly
M6L9X,once
AN6QI,monthly
AXVVV,yearly
E1VJQ,yearly
GQBVG,once
BISW2,daily
ONUFE,monthly
YJIKY,yearly
SGFNB,monthly
5GE28,daily
9N9TR,quarterly
TT0W1,daily
EVVBQ,weekly
2ECO7,daily
I4PEW,monthly
UOGGP,weekly
XZ2KF,quarterly
MBP8H,quarterly
GJEM5,monthly
C3WM3,yearly
QX4W2,daily
9DXL1,monthly
BD571,once
0BUHX,quarterly
FHOIY,yearly
A5KSA,once
XD7VL,once
0G9UO,yearly
YZG2A,once
VU3F6,once
OP3SJ,once
T12HM,yearly
WOB08,quarterly
DF2W8,weekly
H8RL2,daily
N3WOD,daily
0U2CX,weekly
BJNU0,quarterly
IU79H,monthly
DZ0HE,yearly
A0NY8,quarterly
AUYX3,once
01F1H,quarterly
3G670,quarterly
ZYISS,quarterly
4JJ3X,weekly
V4AWC,once
1VSMH,once
L3HRU,monthly
M9CV3,yearly
3PDJT,quarterly
3DMYH,daily
D5A3B,yearly
RYEJM,quarterly
ZW9DN,monthly
0XX0X,weekly
Z7J42,quarterly
RY8F1,monthly
RZ30S,quarterly
6K3AB,weekly
96CQ3,daily
8TDSR,once
AEJ3P,daily
B3GOJ,daily
U56CI,yearly
R5T07,once
UJX04,once
OW1TO,monthly
CNNZV,yearly
RBCCT,quarterly
13E8Y,monthly
3KPDQ,daily
DIR1I,quarterly
CZAMZ,quarterly
OEYRT,quarterly
5FEXG,daily
32MPV,monthly
LBZ2N,weekly
0O042,daily
0WHMO,daily
4E9MD,monthly
O0J1J,daily
YMYJO,daily
CIEZU,weekly
T7DQV,weekly
R3X8A,once
TCBIA,daily
CSHIL,daily
XHCBM,once
TW1LD,daily
FIAZ0,monthly
LG4ZF,weekly
EB72M,daily
F7E1N,quarterly
RBHRC,quarterly
FCEQT,yearly
TAO9K,weekly
ZVR5Z,quarterly
Q6S50,quarterly
S6HXW,quarterly
Y875G,quarterly
WZQEK,weekly
MDVIU,yearly
ODN0B,once
INKF4,quarterly
6IHVA,daily
F85NS,quarterly
IRFRO,quarterly
DPHK2,quarterly
BG37L,weekly
VOYBV,once
LH54I,yearly
AN3TZ,weekly
J52AU,weekly
ZA1O1,yearly
YLO9G,once
6UPG9,weekly
BBT3H,yearly
PAXIB,monthly
NZW1Q,yearly
LC7LK,weekly
AE1M5,weekly
EBQJ2,monthly
LD09B,monthly
TFNKP,weekly
2EF8S,weekly
H9DQU,once
MNNYK,once
V4OYV,yearly
H0V6O,daily
7JTSO,weekly
14NRE,quarterly
C8UMU,yearly
4HN2S,daily
AZQPB,daily
DT894,monthly
8LXVO,daily
VNPK2,once
CTNHQ,monthly
G0ZMH,quarterly
GSYZV,daily
OULCD,yearly
ELKUK,quarterly
O3FA4,monthly
WENO4,daily
JBCZI,monthly
ENZUR,monthly
OQDAW,quarterly
K3GWO,yearly
7HNYT,daily
YSPI9,monthly
0UGGP,yearly
94A37,monthly
SIBPI,monthly
E5R8N,once
ILWIQ,once
CRABF,yearly
L5WIC,monthly
OLZ4H,weekly
H89DV,monthly
EG4WN,quarterly
ERTIA,quarterly
913R9,monthly
S994H,quarterly
JAIJL,quarterly
L5WSL,quarterly
ZI0E7,monthly
651I2,yearly
G68X6,once
9BLHN,monthly
98XXX,weekly
8IC7Y,quarterly
S2UB0,yearly
PC3V0,yearly
8CA3E,weekly
X39UG,once
FLGML,once
J6GY1,daily
M60GM,yearly
VPVQT,monthly
P027C,daily
3L5OC,yearly
MHD0Q,yearly
K0FRS,yearly
DV2JH,once
8RB5G,quarterly
IQ1AH,daily
VZMFL,weekly
P9FRM,quarterly
0B8XT,quarterly
A969W,quarterly
JS2WX,quarterly
QJCXB,daily
PTUTJ,quarterly
LKJAO,weekly
L6KPB,yearly
QMOL0,weekly
6MR70,quarterly
419G0,once
KVOTC,once
4U4EE,once
Y8AMU,monthly
CBIYN,weekly
YOBR6,monthly
SVDU8,once
VWT7P,once
V349Q,once
4SGJZ,yearly
VIZLC,yearly
0KRSQ,weekly
L5KX7,quarterly
V57SD,yearly
72VJO,quarterly
F2VXY,yearly
OIZSU,monthly
M6MAB,yearly
S7EBB,daily
ZYM3V,weekly
0CCZL,daily
IQZI6,quarterly
R8XD6,daily
VAB3D,quarterly
N1OKM,weekly
VHKRC,daily
QGIIL,monthly
NFUD2,once
1H5EG,quarterly
IROQR,yearly
45M4U,quarterly
SAZF9,weekly
4J9W6,weekly
YG3TD,once
7I4M8,daily
17T1F,monthly
N1VZM,monthly
YU5MK,once
PYTP4,daily
KX5RX,weekly
MYJ07,weekly
E8CNU,daily
VHK4S,quarterly
J77EO,yearly
G69ZD,weekly
KSV66,monthly
VGVF8,quarterly
0S665,monthly
B3FIK,monthly
JCA6V,weekly
8ESYB,daily
8Z93A,quarterly
AAAVU,quarterly
0ULED,yearly
GD9MO,once
AH464,yearly
UDN3P,once
JQIZU,weekly
CH4W9,monthly
B1WSU,daily
DSW5S,quarterly
AB8I5,once
N2ELO,monthly
16XZX,yearly
FDLI1,once
SWL1T,weekly
EK6P3,monthly
2LFIQ,daily
K3DWY,quarterly
MDIRU,once
04TCB,monthly
K1EJZ,once
ITF1Z,quarterly
DWP80,once
ARECL,quarterly
H4P9D,monthly
8U33P,monthly
V2IK3,yearly
IXPUB,quarterly
NV7EC,once
82SCW,quarterly
K8J6O,monthly
HRLIG,weekly
1XV0P,weekly
N0VQZ,yearly
0QXLG,monthly
7GWUV,monthly
19I2N,yearly
S3HEZ,weekly
A2MPG,monthly
9XRRW,yearly
UUU80,quarterly
F57GW,quarterly
MFESE,quarterly
EJJE5,weekly
PMWW2,weekly
U93IP,once
LIYIR,once
E9AX4,quarterly
PIVZF,once
QJJIJ,weekly
M8088,yearly
C6AJ6,weekly
V8F7D,weekly
1AHHT,daily
PXDZB,quarterly
BBBY0,quarterly
VYTIL,monthly
KGRKR,yearly
H1U55,once
EL6TJ,daily
DH3NX,once
MV8JJ,weekly
KQETE,monthly
1WQXN,yearly
9LZIA,quarterly
SRBH7,once
W5L17,daily
73YVR,quarterly
M2BOM,quarterly
DSDYN,weekly
GX3I6,once
LN2IP,quarterly
H3EVZ,quarterly
M1CZ6,yearly
1Q1S6,yearly
GSRE0,quarterly
CHFWY,daily
A8BNR,once
T0ZS6,once
K70IV,daily
Y3YAD,once
VBEFT,once
K66A1,monthly
7CPZP,monthly
WK5B4,once
DQRFA,weekly
CXUCE,quarterly
PGXPX,weekly
BD483,quarterly
TJGTT,daily
5KTHF,daily
06TT6,once
V92GO,daily
KXAEK,once
74DEB,daily
YL4J5,daily
J1LPC,daily
U21HI,daily
VRECO,yearly
7HMIA,quarterly
3NCX0,daily
JB2MI,daily
A7OI5,daily
YT2V9,weekly
Q3423,quarterly
BGDVU,monthly
THU86,yearly
64DAB,once
VFE10,quarterly
GDT8G,quarterly
U6A3K,monthly
BOJEE,yearly
O6N2S,monthly
FUIPK,monthly
O0B83,weekly
2VIMG,once
G0MGV,yearly
UWCRS,monthly
EKP5V,weekly
Q36IC,monthly
8C3EM,quarterly
2HI3Q,once
J12H6,quarterly
8V7FB,once
3WSNL,daily
BBFL8,yearly
ZZOCN,weekly
DB1AN,monthly
WFH69,weekly
NL683,once
P3RB8,yearly
RCCFZ,weekly
PLLIM,yearly
N4Z05,monthly
048AF,once
J8OPP,monthly
195VE,yearly
KDPVE,once
2M1ZR,daily
7LZX0,weekly
ATJC9,yearly
TA0P2,quarterly
O3HOJ,monthly
99EN4,monthly
C96GY,weekly
60NKZ,daily
F2SIW,monthly
U7T5U,yearly
Y3T54,daily
FYKAL,yearly
IULJR,weekly
ENDDF,monthly
5980E,quarterly
V0Q2B,daily
6848U,once
HSHGF,yearly
W70Q2,yearly
BOZVO,yearly
TLEDO,quarterly
S0HCH,monthly
KO3BG,once
LRQ1O,daily
935R6,weekly
I4PMP,monthly
ABYZN,monthly
099DU,once
LQQIW,monthly
YU4LT,weekly
OU97G,quarterly
8384T,yearly
76KQY,once
TA98F,monthly
09EOC,once
H9THU,weekly
1PDRL,monthly
CMH3T,monthly
2IKP9,quarterly
JX2AB,daily
PMMZV,daily
34DJN,monthly
2LVZE,once
ZB7Y4,daily
WR44Y,weekly
OYO9S,yearly
JLC94,weekly
HZHVP,yearly
62CU3,weekly
UE03R,quarterly
KXLWS,quarterly
JQQZR,yearly
PSECM,weekly
DK0S2,daily
4TPSE,daily
F6H5A,quarterly
TRTB1,yearly
RUN1R,quarterly
H6RIS,once
HH6BI,yearly
TX0MX,yearly
AG3RM,quarterly
0RUPI,monthly
6D2JW,yearly
99Z5K,quarterly
7SA4H,quarterly
UJPPS,quarterly
IDQTA,quarterly
W7R02,weekly
U844E,once
A96JU,quarterly
9FI0H,quarterly
EYQET,quarterly
FPABM,weekly
PG8BV,daily
YQZJ5,quarterly
D1QIO,daily
ZCMLQ,quarterly
2HRYS,once
TLFZ2,daily
EOJ9R,quarterly
D5UZ4,monthly
Z6JS2,monthly
COOZX,monthly
7WG8I,yearly
XQDJ3,daily
CDUI4,yearly
OOD7L,daily
F0FBP,yearly
ANLMS,daily
0K401,once
IUE4A,weekly
7HMLA,once
YP5J9,quarterly
KYSGP,quarterly
AARTO,weekly
W6KJN,daily
66JDE,monthly
NNBNV,yearly
VCRVZ,quarterly
YLLP9,once
FRUNR,yearly
OVGF2,daily
U1WYL,daily
5D6M6,yearly
EWGNX,quarterly
45WZ4,yearly
PD85I,once
NI5JD,once
S16IZ,yearly
TP7CE,yearly
L1AEM,yearly
6QST3,yearly
0G2K3,weekly
1YF11,weekly
R66RN,weekly
SK50N,weekly
Z6CMH,once
R2G5A,monthly
U4ZNK,daily
MP2S5,weekly
55GVK,once
9WL5O,monthly
6CXIS,quarterly
0DRAB,daily
OIKKN,yearly
VPCCQ,yearly
HDG1P,once
52RBK,monthly
BG6J1,quarterly
979FE,once
EV0SQ,quarterly
YHYLB,weekly
91H0I,once
XZIUF,once
2QXWG,monthly
DTYAM,monthly
XYJGV,once
EDOMX,monthly
9U29K,daily
N86JK,daily
E81O3,quarterly
13FMT,monthly
SAGSK,daily
K82YZ,yearly
39ATP,monthly
DCMAL,quarterly
KZMYM,once
DOJN1,yearly
AJUT4,monthly
FPWLB,weekly
VQWPI,weekly
YQD0N,weekly
CXLH3,quarterly
X724U,quarterly
WQJJF,daily
VPBJE,yearly
FQPDC,daily
P3U67,monthly
4RNF6,monthly
QIFJB,daily
T9XEF,weekly
739DE,daily
9GPOW,daily
U1XXA,monthly
M99NP,daily
TGE7G,yearly
LIN2X,once
4RGPP,once
0TSBW,yearly
66SNT,monthly
6IFF5,weekly
UGIZI,quarterly
147HH,monthly
G7W7R,weekly
HCI0V,once
K0HC1,yearly
HN88Y,daily
7UC6L,monthly
A4EIN,quarterly
COYUL,once
7O1BW,monthly
98S1B,yearly
6WWSZ,weekly
2XHJP,once
N7BFS,quarterly
ZM77X,quarterly
COQ4C,yearly
61WZY,yearly
GL7DP,quarterly
7TS4W,quarterly
3PAFP,monthly
3X4LN,daily
YQOHG,yearly
UFHT3,daily
O9NN6,yearly
6UY6K,daily
E40A3,yearly
JQGPK,quarterly
WU6BJ,yearly
GH229,quarterly
KVP18,quarterly
5WMR1,once
TASKW,once
0GU10,daily
SHJI2,monthly
PFFBX,monthly
VXVUM,weekly
RQKFX,weekly
Y415L,monthly
HO263,yearly
CITLD,once
CF73Z,daily
6NEML,weekly
XE13R,quarterly
HRNR4,yearly
Z2D62,monthly
AWE30,yearly
XPHSN,yearly
R8RWN,once
J7ANH,monthly
BWRWW,weekly
T20YZ,yearly
87S4N,weekly
R0ZP5,yearly
FD3B0,quarterly
07QOR,daily
237NK,once
GCX9Q,monthly
86HGO,daily
V87LA,quarterly
8LC6N,once
WPR7E,yearly
1MWCH,once
3U6NX,daily
A28TD,once
JJ4Y8,daily
O1BK3,quarterly
4B49P,monthly
4SQIZ,weekly
WCCYD,weekly
07ZA5,daily
WNJEA,monthly
C8HBI,once
AOOEO,once
GE3BG,quarterly
I7MY5,yearly
AKVSF,weekly
HSUXP,weekly
2BG52,daily
K8MH5,daily
4GAH7,once
IF0VI,weekly
TDUKF,daily
MDQWD,daily
7XBG5,yearly
NWBI7,quarterly
Y4F1T,once
B7P8D,yearly
822RK,weekly
Y7ZUS,quarterly
IMNXM,once
PIDZF,daily
UV5H5,weekly
9HIH1,weekly
U4FL7,quarterly
ZBVGA,weekly
GO3XP,quarterly
CFGAT,yearly
SEF2H,once
1W1BV,weekly
PQ0P5,weekly
BRC6O,daily
HXO0J,yearly
VF599,daily
NCAWF,once
UAYNV,quarterly
KMF18,once
E30YJ,weekly
B2X7E,yearly
CKID2,once
MVG5O,monthly
ACFJ8,quarterly
06DXB,yearly
VNAXV,once
6R0ET,monthly
SVZNQ,yearly
H6Q9V,quarterly
MMZ4I,quarterly
V7FEA,weekly
0EM43,quarterly
EQAZQ,once
6BHPB,monthly
OZ76M,once
HE3PX,yearly
SVVPH,weekly
GCXDX,quarterly
QKJ6C,monthly
YHKP2,monthly
YUITH,once
XDYD5,quarterly
NOYDW,monthly
WLIDR,once
1XQUT,monthly
MHN7L,weekly
QYX3X,monthly
2P0XK,daily
32HP7,weekly
ND6AN,quarterly
9JCB7,monthly
JABRX,yearly
CK88T,weekly
GH9JK,monthly
QOXJA,yearly
Y5XD2,once
BJJUD,once
HU3OU,quarterly
K6MZV,once
DYARB,monthly
DKKMI,yearly
5KQET,weekly
Z6IGT,weekly
VQP7X,once
ANXU6,yearly
7XOHD,weekly
OY8AE,yearly
X4HKT,monthly
MX2N2,once
QMXU6,yearly
D1BGH,quarterly
RRGNI,yearly
8ZUNL,daily
P9UJ0,weekly
4XEY8,monthly
52LU9,yearly
9GJZX,yearly
G6OXK,once
M4H1S,once
RULC6,yearly
87PK6,once
9I9Y8,quarterly
ZQCVT,monthly
PWCN0,yearly
4S21C,daily
8KBH9,yearly
7YSML,once
TWKUK,yearly
8XMVH,daily
G7496,once
1XK33,once
050LI,monthly
3SQQT,monthly
AUCRX,quarterly
1QL0F,daily
KSLDQ,once
F0Y67,quarterly
OU5M9,quarterly
RY6J0,daily
RSSVW,daily
M7N7R,monthly
BFBU7,monthly
7U5OD,yearly
507OD,monthly
9S2VO,quarterly
YA2JL,once
5YQ54,daily
XVX6S,weekly
GPZPY,once
HC7CP,yearly
7F1AM,once
HMHKQ,daily
K0XRH,daily
CE5P9,weekly
7FDOI,daily
0G2LN,weekly
26E9V,daily
NZJDU,quarterly
T7AS3,weekly
7ALKJ,daily
AH48F,daily
WBWBB,daily
J6LM7,weekly
ZBYYU,yearly
A884E,yearly
2MAPB,yearly
H0LQB,daily
0QHP8,daily
XF3UN,once
HX2G9,monthly
ZP1B8,yearly
G2NEY,yearly
MJJGA,once
YOTF6,once
APLXH,quarterly
2GAUK,daily
W6J8P,weekly
2GQ0Y,daily
BVSYX,once
SLD45,once
FROSL,weekly
T9NS6,daily
UX3W6,yearly
INQ5U,daily
M6MQD,once
1MJRQ,quarterly
R912K,weekly
WPS57,once
ZOGFL,monthly
YJQT0,yearly
WOZJ0,monthly
AMS8H,quarterly
G75D4,monthly
XGG4L,daily
88OL6,monthly
WC7EB,weekly
WHRKN,weekly
OK94G,daily
VA0SZ,once
HOLTH,once
M9NSY,once
D7UP3,monthly
AQ1YA,monthly
U966K,quarterly
3HQRK,daily
IOSRL,once
X25VR,once
GSYFS,yearly
G8JYV,once
YJL65,daily
RGP1Y,yearly
SJYER,monthly
3NRX9,daily
F9NNV,quarterly
EDAEF,weekly
319LG,once
M3UJY,yearly
EFG3P,yearly
PA2W7,once
AA20N,quarterly
70ULP,once
PQEU9,daily
IV5AL,once
D05NK,once
72B2E,daily
CCJ7U,daily
MT6Z2,once
GHV3C,weekly
LPMRZ,daily
WOB11,yearly
3RSFR,daily
LO4A2,quarterly
0MYC6,once
23BWA,weekly
7M0JS,yearly
IBI9H,quarterly
70BT4,daily
60H1R,quarterly
5QT5C,quarterly
34RH5,once
MS2N7,once
M2VYM,daily
6ZMSI,yearly
GMR8H,quarterly
CSRWE,weekly
WHAWF,quarterly
RF400,yearly
ODTSY,once
VRAM4,monthly
1M696,quarterly
DX25V,quarterly
13Z85,monthly
ZTOWV,weekly
FCPWW,monthly
Z2Q5V,quarterly
BWSL6,once
RZ7HF,quarterly
7KQD7,yearly
W5A3N,once
SKF0K,quarterly
JT0IN,monthly
N8XZQ,yearly
D7KEH,weekly
I28CD,daily
193SA,yearly
9S7LO,quarterly
WV67F,quarterly
518WM,weekly
6OXEM,quarterly
2YE9M,weekly
SE92Y,quarterly
UEZJC,once
VK7XT,once
WJMS4,yearly
QSJZI,weekly
GKT4H,weekly
H80ZE,weekly
BUYU1,weekly
0W57C,once
S4XMS,once
9P0NA,weekly
9U4Q8,quarterly
PC664,weekly
S0RP1,daily
JH27H,daily
2YMDG,quarterly
MEN7X,monthly
FCS5V,daily
CTO6D,once
Q9SHG,monthly
UT4AJ,daily
U57B0,weekly
QSS2X,monthly
KRW2B,quarterly
7IK9X,daily
4WONY,quarterly
8N48J,monthly
Z0MAF,quarterly
IC674,yearly
HL1U7,quarterly
EV565,monthly
7BYHI,daily
UT7NF,monthly
SHJVQ,quarterly
MYM9T,once
CHMD9,weekly
BPQT4,yearly
KZ9BG,daily
KCFRG,weekly
7VBRB,yearly
PI8QJ,once
PCN4U,once
VL2CW,weekly
LSYV9,daily
5HDTU,yearly
OGJI8,monthly
VPVDM,daily
K2SPN,quarterly
8ZJ55,once
BR071,once
EJX8M,daily
8WRD3,once
WD6W4,yearly
V4L6B,daily
5JTDK,quarterly
SPY45,yearly
H0HZA,daily
KQ51N,monthly
X7KJJ,daily
ESZLY,daily
XVZUK,yearly
V4LAN,weekly
U7NUT,monthly
9EGOQ,once
2YKAZ,daily
TPJX2,weekly
QOOOR,daily
88MKO,quarterly
EG4SO,daily
N5GI0,quarterly
T2B88,weekly
Y10C8,quarterly
PONU9,once
GHHI6,weekly
VQJ4W,once
4PSLL,monthly
8DLVE,once
QQ7KW,quarterly
D9A0T,yearly
BW4VJ,weekly
OWOR7,daily
DBUU4,daily
SLNVK,once
U4PLI,weekly
CS6OM,weekly
QO8TL,monthly
NMCS5,monthly
TVL8L,weekly
YGK1C,weekly
S2PAQ,yearly
NOMII,daily
Z85FL,monthly
8VJHO,monthly
MJQU1,daily
L6Y82,yearly
RBAQB,once
UVB6W,quarterly
1ST10,monthly
VJL48,monthly
FHLNS,once
YQ8UX,daily
OFCWG,weekly
8VPDR,yearly
V4VEP,monthly
8MQ4Y,once
X3O4G,daily
MRRFY,daily
DMKA8,monthly
2XMIX,daily
CGO82,quarterly
HR92N,yearly
M71NZ,quarterly
PWAD9,monthly
6NH4Q,monthly
2C3NB,yearly
ZIE9T,daily
BCBYO,quarterly
U9N54,once
EOD6K,weekly
IKNTK,once
PUU71,yearly
OII16,daily
WIX3U,quarterly
76IIX,weekly
4TB3U,daily
EJCNK,monthly
RUVID,daily
NTDCM,yearly
Y6EC4,monthly
ZHND1,monthly
K4UET,weekly
HLH8X,weekly
EALTD,once
YCQSP,monthly
F7549,monthly
OMIGS,once
MGBJ0,quarterly
8YT6D,once
CNUS5,once
F42D4,once
2W7MA,daily
1B1PX,monthly
98GK8,quarterly
Q6MD7,once
CHC0U,monthly
QYXZ1,daily
MKWMK,quarterly
NKVYU,yearly
MA1XV,daily
G01G8,weekly
FHH8T,quarterly
O14UE,monthly
NMSJA,once
PBZL5,daily
Q1HVC,weekly
LQGG6,quarterly
ZZ1Y8,once
JKHBF,daily
ETPGJ,quarterly
RB5IA,once
JT09N,daily
DG8FT,monthly
HD7IO,daily
023FB,daily
C4EE5,weekly
5A8BD,once
KWLIJ,monthly
A3YW7,daily
AK80A,yearly
HDRV1,monthly
JPWP8,weekly
SOOW3,daily
P56HC,quarterly
WHQ8P,weekly
1ZCUJ,yearly
1UU1K,daily
KZZIF,once
W2JZA,yearly
1DUJR,monthly
9SKZ0,monthly
5OD8K,daily
XF6E5,daily
M5VN9,daily
VHEX7,monthly
AC1PU,once
6KXXZ,yearly
Y0RSA,quarterly
VC3M2,daily
XANZT,monthly
GUKS1,monthly
EKEMN,quarterly
J4142,monthly
X1LNO,weekly
F8DX5,once
L0MNY,yearly
0G1AD,weekly
64NEK,weekly
3AT9Q,daily
HCWCI,once
KLTLO,daily
SM7HE,yearly
0TZUP,daily
RTAS5,once
80KPU,daily
C1QUJ,yearly
LTRNC,yearly
URWH5,yearly
EVVPE,yearly
OZ28R,yearly
KKOL3,weekly
T2WYE,weekly
VG902,once
VYW4E,daily
E9T29,weekly
A5MWT,quarterly
LTVME,weekly
6DMN1,quarterly
S519U,weekly
NPO7D,monthly
HH6T6,yearly
N6A3E,daily
E0TV1,once
ZP2ME,yearly
BJ697,once
D4GDL,monthly
CCTUH,monthly
OYWB8,once
K59CY,quarterly
C0SBB,weekly
VLLPK,monthly
FVTDR,quarterly
35QXE,quarterly
TUBY0,yearly
J8EJB,weekly
XGFKD,weekly
8C4G3,daily
MFJHF,once
0DVG0,quarterly
5WNW3,monthly
2TXXU,quarterly
PYIE4,once
8D1QQ,daily
ZACZ0,yearly
IM9N5,weekly
X3JID,daily
AM7B1,weekly
TYOX3,daily
TQBFW,quarterly
ABSUE,daily
K1ZZI,once
WVYMK,quarterly
K5KDC,daily
L677M,quarterly
KN2AH,monthly
95XSY,daily
NCTKO,yearly
4WRIQ,yearly
WRWM4,weekly
ATB5Q,quarterly
X8IQC,weekly
3C3YR,monthly
RRJ7X,once
GRKEY,quarterly
XNOPY,once
1QQGZ,weekly
AN633,once
L5EQQ,once
1V9FH,daily
1RC7O,quarterly
EHHUB,once
M1OSG,quarterly
SQN6A,once
1LOCC,yearly
JNY08,weekly
BSU9A,weekly
313DX,weekly
TLC18,quarterly
N349R,once
L6K92,yearly
G6XY1,daily
VTYPF,yearly
6JUPN,daily
VGI1L,quarterly
1XDZR,monthly
ZRK4J,monthly
IQIAG,weekly
JC2RH,yearly
4SR7L,monthly
VBTLX,once
TL2N5,monthly
X6B1N,yearly
GEOZP,monthly
IXZI0,once
1ZAYY,yearly
F0YP7,yearly
MYKEL,quarterly
ID80Q,daily
U9VGV,once
8OS5F,weekly
7HOK9,monthly
C0J8K,weekly
G0FYV,once
KE9LJ,once
9HWL5,once
5DCIE,quarterly
ZX8TZ,monthly
9J1JV,once
VKZ58,yearly
AOAOL,weekly
2BYNP,quarterly
7BA4Q,once
H3OHT,monthly
RABV0,once
DTR93,yearly
B6AX9,weekly
JFNJR,yearly
53JAC,quarterly
T3LBZ,yearly
ERFBY,daily
QIDO5,daily
D1H72,monthly
0YPWW,weekly
40MFQ,once
9D537,yearly
NRSSU,daily
LTVW9,daily
FJMEE,weekly
WAO8L,daily
KJH8H,monthly
D5XEQ,once
GRMIA,once
I0CTU,yearly
LZV8U,yearly
NNB7T,weekly
DAKVF,yearly
JGZH0,weekly
HWBR1,daily
VCK3Q,daily
MBV8I,weekly
2TCNB,quarterly
HYX8W,daily
MS2CX,weekly
HX26K,monthly
6R6HC,daily
O4M3J,monthly
0UOCC,monthly
LOHAC,once
DBPHV,weekly
5LWRY,monthly
0UNWN,once
HL98B,quarterly
XK5JB,monthly
43HWH,yearly
PKKS9,daily
NIGVA,quarterly
SQ0VJ,weekly
S770A,once
DVE0I,once
U2547,monthly
5BYS4,yearly
WBNT4,monthly
E2E4K,monthly
6CF97,monthly
W3PVO,daily
EJOSY,daily
7UHYH,weekly
RFQNC,daily
K2LSZ,daily
99FB9,quarterly
FVVDE,once
N184W,once
2QJTW,monthly
097YD,yearly
TT9NJ,weekly
6PG6C,yearly
QDQE7,daily
WN1H2,yearly
K6Y4D,once
NN5FM,yearly
PRN83,quarterly
U1CXQ,yearly
JF6TB,quarterly
NIM7J,quarterly
5KJ7W,quarterly
X4OV8,daily
2XH56,yearly
7R2JM,monthly
TH1UH,yearly
8B42J,quarterly
KBJGH,monthly
YJRT1,weekly
N6GSQ,monthly
9EGG6,daily
BCXLT,yearly
84MTD,daily
5QZF7,quarterly
YEJBQ,weekly
5Q5WI,quarterly
MAM38,quarterly
MJOCP,daily
8HSYB,yearly
YJOVW,weekly
JPTAY,monthly
818XG,monthly
8NA6F,daily
3DLLF,quarterly
79VP7,yearly
H222F,once
2LVHD,weekly
ZHU37,once
GBRYR,weekly
DDATX,once
4WM8Y,weekly
ONKY3,once
UZ5ZF,weekly
NX1KF,yearly
O9Y4H,yearly
V9B7X,weekly
R33QA,daily
Y5PT1,weekly
UDH4E,weekly
GA0UY,yearly
5N6BX,monthly
FD7D5,yearly
KKKVK,yearly
KCQ1C,once
KV9KX,yearly
4WKTC,weekly
PCMOG,yearly
GDOHG,weekly
2D3JC,yearly
0L8B6,once
QLKFC,once
0BMA1,weekly
J0J44,once
XVTB4,weekly
WI6I8,yearly
W5F96,yearly
0DBO6,quarterly
A6QTQ,weekly
VZGAO,yearly
1GNZT,daily
QZ2C4,daily
BS0M9,daily
DUBDY,daily
3EF7R,daily
5A8V2,yearly
WW5TB,weekly
ROJWJ,yearly
B08ZK,yearly
R7714,weekly
KZ2IL,monthly
YT04A,yearly
HNAW5,weekly
XBPB3,quarterly
60CQW,weekly
9NO7P,weekly
HN90E,daily
RM3Z3,daily
C69AK,once
JZ282,yearly
RGH5R,quarterly
MOEMM,yearly
LXTQL,yearly
Q4OP8,once
BRASZ,monthly
DHUVC,monthly
7JRFX,weekly
DDCS2,weekly
13TAI,yearly
2PIHR,daily
WQG5T,daily
5ZGDH,monthly
09TK2,quarterly
WVSW0,once
58O0H,weekly
D7UPO,daily
T56ZE,weekly
BUY8K,daily
NPPR3,quarterly
BLBDW,monthly
QPNHF,weekly
0CK2E,once
G9WMY,daily
B210B,daily
AOXEJ,weekly
BZEEI,once
OZ9O3,once
MS263,weekly
861DH,yearly
II4C7,quarterly
3P37K,once
DI9MA,daily
JO2SX,weekly
UIR9A,daily
14DK7,weekly
KP9IK,yearly
I6SAJ,yearly
WCXLV,once
KC47K,yearly
NS9ZE,quarterly
F92IG,quarterly
SECFW,monthly
Y8W94,once
G82UL,daily
XY7X0,yearly
URS2V,quarterly
P8ENU,monthly
2XC7O,monthly
Q6VOV,yearly
TUE1V,monthly
DY2YC,once
GIDAQ,quarterly
OAOYI,monthly
5E4S3,quarterly
B1GUY,yearly
MWXAT,daily
UY5PB,once
T2RM6,quarterly
QTEEF,daily
D3L74,monthly
ZE5UW,weekly
1YSU4,once
JOO06,weekly
OKA2Q,quarterly
SK98Z,once
J0ZOG,weekly
HIZRF,quarterly
4BPBH,yearly
P69K3,yearly
DCZWA,weekly
QWGYR,quarterly
66K5E,daily
CW941,once
RWUY0,daily
MTR3Q,daily
C7BL9,quarterly
P4GU8,daily
RML9Q,monthly
Q1220,quarterly
MOX4X,quarterly
ZMDY7,weekly
KY6SR,yearly
QNYMF,once
O6DXZ,yearly
UFJO6,yearly
EHME0,quarterly
5N1UB,monthly
RBZSX,once
FUBCU,weekly
4SJQM,weekly
YMYGL,yearly
6FJY0,yearly
FI4JE,monthly
XZZMJ,monthly
DX4SO,quarterly
6WVRX,weekly
EEB2W,daily
T3WJL,yearly
WBROM,once
8515L,quarterly
ENQNI,yearly
G31UN,quarterly
GXCUZ,once
71TIS,yearly
V0GBB,monthly
97MPY,quarterly
7LR41,daily
1WF7C,weekly
LT1QA,once
9AZ2O,monthly
6NUTC,yearly
3FGDK,daily
GNBJT,once
SPTMC,monthly
FSIIK,monthly
ND9BS,weekly
7Q3SH,daily
WI3UV,weekly
5LRLM,quarterly
LAYKD,once
4BBCP,weekly
QE3KP,weekly
FE2RM,weekly
FH0EK,once
UJIC0,yearly
HFAD6,monthly
DYSX3,yearly
SXABC,weekly
UNBIO,daily
NYKMR,weekly
W5GNT,yearly
ZAK8D,quarterly
0CGK1,monthly
6AAZJ,yearly
2JRLN,once
Q6IU9,quarterly
VUZTI,weekly
R49SU,once
6ZOT6,quarterly
L8XDE,yearly
VF9IR,quarterly
6QQBT,monthly
RVMDH,weekly
KWPI4,quarterly
MKVQ4,weekly
7CBG0,once
Q66XM,monthly
UKKEE,quarterly
673PZ,once
1OKUB,once
SPDE8,daily
QQJAK,weekly
MGWI1,quarterly
SRGUV,quarterly
YQACM,yearly
K7BSE,monthly
5DZ0I,weekly
SW7JG,weekly
4OCSD,monthly
01JMW,weekly
LIA71,weekly
DA9UD,quarterly
Q7LRF,quarterly
HHUXD,daily
ZZYOG,daily
JIZKG,quarterly
I0DM8,quarterly
ILIDG,weekly
MQQVX,once
JLIAG,once
5RDZM,once
HXFPX,quarterly
70RGW,once
DWSF6,weekly
72JMT,daily
C45KV,daily
F0NTT,monthly
N8AP2,daily
LMH5B,quarterly
PPU76,quarterly
VLQHE,monthly
SYM8M,weekly
R636K,weekly
1YVJJ,quarterly
1UJ0K,quarterly
BFBF9,monthly
MUXL6,monthly
E7MQ8,yearly
YZW95,yearly
9O4G4,weekly
MUK28,once
US4SQ,once
AYLHV,quarterly
8VV8A,once
ZLNGZ,yearly
XUSHG,quarterly
JJPIH,quarterly
XDEYL,daily
I3HI7,monthly
O54F3,monthly
BTF7G,daily
NV6JD,monthly
25IZ5,monthly
LO00W,monthly
IDJ1F,daily
HULU2,daily
3Z88Z,daily
IB48X,monthly
X21UG,monthly
ZHIQQ,yearly
8LH4F,weekly
5RUGH,once
B31TT,weekly
RTM7H,monthly
Z54WW,monthly
9W9VI,yearly
26XYM,once
L6KU7,once
XAOZP,quarterly
49N6T,quarterly
PYIDM,daily
D3VZH,monthly
SJHD5,weekly
VNMKL,quarterly
K8LLJ,weekly
GX6H9,daily
65J4R,yearly
S6XAI,quarterly
EFP07,weekly
Q9PZU,weekly
QKZRJ,monthly
JS28E,quarterly
EKLGL,quarterly
BVRVO,quarterly
N6NZ5,daily
ZT3S8,weekly
D629K,weekly
M30ZX,yearly
869EG,weekly
N9LJW,once
HK81M,yearly
0PCLY,daily
9X87Y,weekly
QHAYZ,daily
HVQNB,yearly
CJEWG,once
KLB1H,quarterly
ZVPSL,once
82NM5,daily
N4K4F,daily
03LBD,weekly
QQ7V2,weekly
HPONZ,weekly
VT5V7,once
3V1FD,yearly
SMWY3,once
4TEZZ,quarterly
19IGV,yearly
XP27B,quarterly
GCCVW,monthly
KM54N,once
4IHZH,monthly
382XM,weekly
B0DVT,quarterly
RXHU7,daily
LHQ0Z,weekly
5D5BP,daily
IMB5P,quarterly
D7SC6,yearly
XXSXX,yearly
V7WX2,yearly
60S96,yearly
7HA9H,quarterly
AOJDH,quarterly
OLNPQ,daily
XMT80,quarterly
SHUH0,monthly
ZKAVF,yearly
J26P1,yearly
PSJ46,quarterly
2KXP4,monthly
U4WP5,monthly
3MN61,daily
C657C,once
Y5CVD,daily
PWNU7,weekly
HXX19,quarterly
XDGAI,yearly
W8LQQ,once
AT86G,quarterly
COD2Y,monthly
KTJZ4,monthly
480VS,daily
30CC2,once
PXS15,weekly
7CK2Z,once
Q0QAL,quarterly
1WUF6,once
UY4JZ,once
UEIZ2,quarterly
YL8IR,daily
6QXTK,monthly
1BZKW,weekly
AVOW8,quarterly
C95M1,yearly
5DN5Q,weekly
QUOOL,quarterly
9BC05,weekly
CL0BZ,quarterly
VFKLZ,daily
J1AA8,yearly
MV8RY,weekly
843F4,once
WSCTI,weekly
BQCPS,once
7Z4PJ,monthly
GSEYN,monthly
WVHHB,once
U1Y8F,daily
I5U9C,daily
VW4YY,weekly
8HGRX,once
PGT57,monthly
X2NY2,weekly
D7RTY,daily
WZS7Q,daily
C4P4B,weekly
CT20Q,daily
Y243I,yearly
3CRG2,weekly
04W8S,quarterly
B907L,monthly
E76YX,weekly
S7MF0,daily
3YVXH,daily
L6KJR,yearly
K7EWL,monthly
JYHSY,once
9BNZR,yearly
7ATM4,yearly
34AEV,quarterly
04AG5,monthly
YHO6P,monthly
O0JH0,once
CW6ZS,daily
RSR1F,monthly
ECDFV,daily
OV9IM,yearly
RU3MI,yearly
DW7QG,daily
IJF4T,quarterly
EJN0A,yearly
XRO3I,quarterly
BSHSK,weekly
WC07K,daily
FW636,monthly
C4Q3F,weekly
1VMMR,weekly
2OVDK,quarterly
FX1CL,yearly
EEA4L,yearly
TEFZG,yearly
HJIFX,once
650HP,weekly
M7W3L,once
7R3FN,yearly
PT21L,yearly
USVSD,monthly
0IX6G,quarterly
VWAPL,monthly
0UTWK,daily
KQ2WO,yearly
D8X8A,yearly
97FVH,quarterly
0RO4P,yearly
KY3KK,daily
HYLNP,once
IVOJV,once
RJN1V,daily
VE2CV,monthly
5194S,once
37ZPB,weekly
YJU4A,once
TKOY4,weekly
1MDK8,quarterly
NPK51,yearly
R0WUW,monthly
TNJK0,daily
L7F0M,monthly
2KUIE,monthly
D6C70,weekly
W33VC,once
HB7MT,daily
J2TBE,daily
5VDOW,once
1LM97,yearly
S92GG,yearly
T6J97,yearly
NNYKY,daily
1YH2K,quarterly
7AS36,daily
I4AI8,monthly
DDW1Z,monthly
0CSWD,once
8G9DC,quarterly
DSQOM,daily
1X7XJ,monthly
P92DM,once
8BQ40,once
6PBFL,weekly
SQJ5E,weekly
FF3SD,monthly
1LVVP,weekly
7W4UD,once
AUINM,yearly
HQMVD,once
6WXZD,weekly
5KRPW,monthly
S1O0J,monthly
DV0WR,daily
3XDUX,daily
C53DX,once
YFP4S,monthly
IP22K,daily
TUUJ5,once
UM9XB,quarterly
C7VNM,weekly
JNUEW,daily
ER3S5,yearly
3OH0T,quarterly
VTLKP,quarterly
DRJWC,weekly
WIUJ4,quarterly
E4N93,once
AVY0Y,monthly
SXTWL,weekly
0CBS0,once
CHZUB,yearly
G7GWU,quarterly
TWQLG,daily
628RH,once
0OI41,yearly
JL8XG,yearly
YJC1G,daily
JIVVC,once
6GQ39,weekly
26RNW,weekly
Q1MZG,quarterly
0LK75,quarterly
TATTA,weekly
1YXFT,daily
1ND6I,monthly
KD1GS,once
FY4TR,yearly
A1TYY,monthly
R27AN,quarterly
68Q33,quarterly
8EOOO,quarterly
ICH0K,daily
N5IUD,weekly
9FED9,quarterly
U4QIW,monthly
7OODQ,once
01VBF,once
O4KWO,monthly
I8XC4,once
46ZRU,once
N108C,once
KZVFG,weekly
56MRZ,daily
UNU18,weekly
K2D3B,yearly
GIFO0,once
BNSYL,once
OW0EP,once
4ESM3,yearly
E6QYU,yearly
U50XY,weekly
P724W,yearly
T318X,monthly
PGRUU,quarterly
36ZXS,quarterly
WVX20,weekly
KK7O0,monthly
0YP0I,yearly
YIS7U,yearly
BBSCY,daily
A2FGZ,weekly
DYE29,yearly
NV1QH,quarterly
6U72L,monthly
BIADB,weekly
W92UL,weekly
TZ39G,quarterly
G22VQ,quarterly
0L5MO,once
7FHJM,quarterly
81W2W,yearly
1FKP1,quarterly
RGCSY,monthly
6FJTO,daily
BN3UW,monthly
8RD4G,quarterly
3FDVR,quarterly
CL5VK,weekly
8R9RU,quarterly
5W796,yearly
1KDKM,daily
UE9F7,once
VBBXR,daily
C1GPR,daily
YUBOV,quarterly
EDZ7U,yearly
EZ7RM,daily
VZ1O5,yearly
HM4CO,quarterly
UO2B2,weekly
WNPM6,quarterly
0LQ14,daily
KI681,monthly
7LEX2,weekly
S4QF4,yearly
MND2N,once
EI52Y,monthly
610KF,quarterly
BVXSW,yearly
DWQ5B,once
4KN5E,quarterly
7JB09,monthly
L92NB,once
JJYZY,monthly
I1PFZ,once
K85FD,daily
VGN1E,monthly
AYPZC,weekly
6WBQ4,weekly
9E16J,daily
R2DG2,weekly
FNSBE,once
9SMV6,yearly
K45B6,daily
U9W82,quarterly
WRLL7,once
2N7FD,weekly
RQQLS,once
4IOE9,monthly
SMG8W,yearly
B6345,weekly
G0PB0,weekly
NURM8,once
G8SHL,daily
WYRW6,daily
491OU,daily
4N9FJ,once
AZYYU,yearly
UZGQE,once
B0ZGN,once
GO6WC,yearly
6HSSF,weekly
R2451,once
IT11P,quarterly
C6XFV,daily
I16EL,yearly
QFE4D,daily
14Y63,monthly
K80NL,yearly
03GH9,weekly
O7OXI,quarterly
67OSN,quarterly
HMVOW,weekly
L4H88,yearly
W8CWL,daily
PYGFN,quarterly
4T4ON,yearly
JGRUB,yearly
CY0HK,quarterly
38T6H,weekly
DZ0ZO,yearly
G19S4,yearly
1QGU1,yearly
G6AA8,daily
ZUKPT,monthly
1NSGW,monthly
IKVLO,weekly
86MIP,yearly
B52NR,monthly
ZHUAD,weekly
R6TSM,quarterly
LQNQ6,monthly
X4QQL,yearly
7HKY7,daily
H2LM0,daily
JGBI1,yearly
1WT76,monthly
VD8VV,weekly
PISR4,yearly
KER2J,yearly
LMXC6,yearly
ZMFQO,monthly
MD2FG,quarterly
TMJMN,monthly
2EEVY,weekly
QBBVA,quarterly
RDV1M,yearly
BUQ2U,yearly
6G13P,daily
WD7WA,yearly
W053N,daily
9MU6D,once
VH764,quarterly
OIUOU,once
EBJX3,once
L0M35,quarterly
K4R5Z,weekly
8GJ42,daily
CHENB,once
0A8FF,once
W54A8,yearly
9Y6TX,monthly
5C78L,monthly
9OHXY,daily
OG3A9,weekly
XFD5U,once
QXKF4,monthly
0GY8Y,yearly
P72TY,daily
UUPE6,monthly
CWDGP,daily
K2CAE,quarterly
X0M5I,monthly
YX8X8,monthly
NFXQK,yearly
CXUI4,yearly
6Y6VS,yearly
CNCRF,monthly
MFZOP,weekly
Z1G2E,weekly
9P4G0,once
SDVRH,yearly
5WOYX,once
F44FY,daily
VI56W,once
H7VEG,weekly
17PIH,quarterly
V024N,yearly
H7MWL,weekly
LPWYE,once
LR5HD,once
OR3ZD,daily
DJR76,daily
V2GWG,monthly
S2CDG,weekly
RI9WE,weekly
3WGC6,quarterly
G7A2G,daily
CQDPQ,daily
XV6PS,monthly
OV15X,daily
YNWBZ,monthly
CYP80,monthly
NC4DY,monthly
RRRAN,monthly
0ZSTH,daily
Z2N7M,yearly
9E0GT,daily
438I2,yearly
D8GAY,daily
DNJUD,once
UF789,weekly
DG8KZ,once
MUJ66,monthly
HYL7S,yearly
BC2CS,yearly
KIZC1,once
CQ8QV,yearly
KQ9T5,weekly
3PSM2,weekly
NOYYO,weekly
P4YRD,yearly
NPEC1,once
BQD98,daily
1HY8K,quarterly
S9A5U,monthly
GSIRH,monthly
524RU,once
SEGT4,once
ZSZJ0,once
JCS53,yearly
P4G1K,yearly
KB5QD,once
A1H1D,quarterly
K3HA8,monthly
59VPP,yearly
ZG90B,monthly
168WM,quarterly
DG5CO,daily
MPZRI,once
0JLV1,quarterly
UI165,daily
U2T7T,quarterly
QJNLX,once
PQAFJ,weekly
BL1EI,once
SENDJ,once
AUE8L,weekly
7GBLS,once
53SQI,once
CYO9I,monthly
M66QU,daily
CQR8Q,quarterly
53TU6,quarterly
3IT62,daily
WKE1X,weekly
OEMAE,yearly
2XSNC,daily
WI9VP,once
2TMA5,yearly
4XXY4,yearly
61QRG,monthly
AI43D,once
HVM9G,weekly
XMIBW,weekly
66OPR,yearly
SUU2G,weekly
8OQ2D,monthly
MXPUE,weekly
EPO04,weekly
16DHR,once
V7WZ1,quarterly
ZPCCO,daily
Y2KGG,weekly
86ZYQ,weekly
C8A3X,monthly
WXA5M,yearly
10JCB,quarterly
3Q97W,monthly
B3I5W,daily
YJ2HT,monthly
UR4H6,monthly
M8A3Z,monthly
VE0PT,weekly
HE51J,yearly
EUNXM,yearly
187CD,once
86BEC,monthly
E9TOC,quarterly
MH5US,weekly
3W5TH,daily
M512K,monthly
O9T4Y,monthly
DHXT8,monthly
R1LFM,weekly
KSOM8,daily
CVOKE,quarterly
R8Y1A,once
EV1F3,yearly
B1551,weekly
BJLWO,monthly
WMJW4,quarterly
UNKEK,monthly
JO2LS,yearly
AR8E8,weekly
771CT,monthly
PQHZ6,weekly
IIGZR,quarterly
6X41O,daily
7PHA0,daily
MFXFN,once
RMG04,monthly
JTMF5,once
K95U5,monthly
LSP9N,quarterly
Z8ARP,once
R6UNP,quarterly
M82X1,quarterly
0I4DM,yearly
BE1VB,weekly
8MGDR,daily
91EHE,yearly
Q49L6,yearly
ISXVE,daily
5NOW2,daily
JBU86,yearly
ZUZY4,once
3W6TR,once
90DJ2,quarterly
QTMV8,daily
I1MHF,daily
AN8GB,monthly
1S0VN,monthly
0AW1A,once
635K5,once
36289,once
YNWKP,quarterly
BRA6M,quarterly
OV22H,daily
U1MPE,monthly
GOA1X,once
NQRUI,once
NN99C,daily
QM8CO,quarterly
FQT9S,quarterly
91QWU,yearly
VRTN5,monthly
5IZ8C,monthly
ID1RB,weekly
II750,daily
0ZEHU,once
C802K,monthly
0RLDQ,daily
W5P1F,monthly
XCA7B,quarterly
TKG5E,once
RIQN6,quarterly
X3LHT,monthly
JFKKZ,quarterly
LZW2V,quarterly
1XH12,once
VOU0Q,quarterly
3YMJA,weekly
QPULJ,weekly
PGUTP,quarterly
4B3RC,monthly
XIU6T,weekly
1ZD52,yearly
9LBL7,weekly
5RIL6,weekly
5I0AY,yearly
5XSI3,daily
98XKP,once
YZ4FM,monthly
CV3LG,daily
RCWM7,weekly
7OFKK,daily
DJV70,yearly
VVYWJ,weekly
PH7G6,once
TX5SJ,monthly
AFTPE,yearly
E1ZUS,weekly
TCHLD,once
L3JFO,weekly
93VFD,daily
FQ6M4,monthly
FNFQ2,yearly
UZFET,yearly
GSHVM,yearly
ERZ51,once
I03YC,monthly
RHVNE,weekly
WCCBG,daily
NDJ3N,yearly
7U5ZQ,monthly
N18GQ,yearly
ZRC8K,monthly
C7F77,quarterly
3C166,once
I3VNN,yearly
XSY7J,daily
JJP9N,once
SF1B4,daily
6TI88,daily
5R6BR,once
HZGY3,weekly
U5A9K,weekly
69YE1,yearly
X7VPU,yearly
3BE5H,weekly
7NWMT,yearly
1AA2C,daily
Z965A,once
C3B9Q,weekly
330VZ,weekly
BI1ZN,yearly
PK0GE,yearly
8YIKF,yearly
MLE0C,monthly
W7M2F,weekly
XAV0X,yearly
U6TZ7,quarterly
VNXYW,weekly
PYM3T,quarterly
MB7WD,monthly
KPQIW,daily
SXPWS,weekly
CWHEN,once
UEXL6,yearly
CKHWC,weekly
G6W8L,daily
XDQX8,monthly
Y6IF3,yearly
YHRLM,monthly
T1PVO,once
PWSE2,weekly
BD41V,weekly
P29HV,monthly
L248Z,monthly
0E42Z,weekly
9PSME,daily
B4WGO,quarterly
EYLEB,monthly
0VVQH,once
AGGYX,weekly
8C6Q8,weekly
ZQNEM,yearly
4669U,daily
FK8WK,monthly
AAZ0Z,quarterly
NA8LX,daily
OCJMZ,daily
SCCA4,monthly
HXAHR,yearly
BORXY,once
LVOPA,weekly
IIKZG,monthly
GUQ28,weekly
NC1T0,quarterly
7ZFBI,quarterly
QJ8WN,quarterly
H10AB,monthly
2P0A1,once
I9BSS,daily
EGFV5,once
E6FLL,daily
OIUC2,once
HMH9V,yearly
7ALVQ,once
ETHXX,once
IY7JD,monthly
ZSYGA,yearly
8BFJ9,once
70D71,daily
TI3KQ,yearly
6Q4YW,once
IJQDX,once
3XND7,quarterly
GZWMJ,monthly
D63OK,weekly
8ETS8,once
ABGT3,quarterly
D9JEH,yearly
JA743,daily
B1WTJ,monthly
NO2LM,daily
VCZ77,daily
XE8IF,once
9C4UJ,daily
5LAEH,quarterly
QIFKY,once
RAQJW,once
CFG90,once
KDGEM,once
EX595,yearly
HO3J6,weekly
IJPCC,weekly
AH9UG,weekly
8QD1R,quarterly
COOIX,daily
G0KA5,monthly
VO5S5,once
VYD6H,yearly
7ZCBS,once
9AETY,yearly
J1HWS,daily
LWQSL,yearly
R96SU,yearly
ESHA9,daily
NUU4G,daily
0BY8G,monthly
S8YWF,quarterly
8GZ1M,yearly
L0AT8,quarterly
KHM5C,quarterly
TWRKK,quarterly
NGXUK,daily
U9N6V,monthly
UYDNG,weekly
X4MWD,quarterly
1YCO1,quarterly
DNJA4,yearly
C4IMU,daily
097XR,once
5VRFZ,once
OS2TV,weekly
45C63,weekly
UTXZH,daily
BQPLM,once
PI9JV,quarterly
43WSS,once
Q8J30,weekly
LK62L,monthly
PPIPU,weekly
HGIBE,quarterly
QIWDL,monthly
K576Y,yearly
U30F5,daily
G6CL0,once
4CSNW,yearly
LSUAA,monthly
ZN0U0,daily
FHRW1,daily
R1CW2,daily
KLTHN,once
UDZI3,quarterly
045RD,weekly
IP8CY,daily
4QCGX,daily
CZIJG,quarterly
0XD2Y,monthly
D3U37,yearly
WVY5Z,yearly
M805H,once
BLWZY,quarterly
95YRZ,yearly
JTTX6,weekly
O3H9Y,weekly
IHJ5N,yearly
K16BX,yearly
GCVT7,monthly
KS4UU,weekly
7FX8V,monthly
2IZGX,once
SIA65,monthly
AQDIG,daily
WJVR2,quarterly
1DB38,weekly
7GPB2,yearly
RDLDR,monthly
5GL41,weekly
F04C1,monthly
OHUFT,daily
5W9NE,daily
J8KY9,weekly
8ZBYL,monthly
R1HRI,monthly
4NW3S,quarterly
EPKPD,daily
RLMFM,yearly
FSPAV,monthly
OGNYT,yearly
E7L44,weekly
B3OHD,once
7217W,daily
MY8VG,yearly
UY2H9,quarterly
XAG72,yearly
HEERG,quarterly
UFN5R,daily
9D9OM,yearly
SR0SZ,quarterly
I61YT,once
7SJYU,monthly
6RLUI,weekly
AVLT5,yearly
K8GM8,yearly
EYYOF,weekly
3GQXD,once
Y58PD,daily
RLD53,quarterly
OD56O,quarterly
JL42X,monthly
70FWE,weekly
LZQ5P,weekly
YEBHV,once
AJWGF,daily
LAHCE,yearly
O8DYQ,yearly
MTD42,quarterly
FSHHO,yearly
RMBFD,weekly
M4FF2,quarterly
220YV,weekly
0C5NK,once
R28ZV,daily
OIAWH,once
GGA5I,quarterly
F6EW9,weekly
5OGA0,quarterly
325ET,once
00HA0,daily
WHATT,daily
2V90W,once
R5J1D,quarterly
9KF13,quarterly
3BGXG,yearly
CP3UU,daily
JXTIO,daily
6WUM5,monthly
Q4DC3,once
7TO2J,monthly
ZOBJA,quarterly
TSXF4,weekly
UXJ7D,yearly
P8BAI,monthly
NXHWI,quarterly
A8DSM,monthly
WB27F,yearly
81JV6,weekly
6NJ6D,monthly
60RLH,monthly
L6R4I,daily
969KG,monthly
LFM42,yearly
I7KWS,yearly
BLQVY,daily
CTDEY,once
Q83P8,once
I8FFU,daily
IWOX0,yearly
7NQA3,once
XG8FW,quarterly
3ENBZ,quarterly
OF17O,weekly
CBK8A,yearly
3WX3K,quarterly
HRIGC,once
XT5EE,weekly
03CE3,weekly
VDPBY,weekly
4HAHJ,yearly
2NJ4E,once
67RFL,monthly
SAF95,monthly
3XNND,monthly
ORE33,yearly
KH9YG,daily
NP3HS,once
RXRIO,daily
X3IZF,daily
E4BZL,once
EZZO0,monthly
4GA7X,once
MCK3E,weekly
TQXJ6,once
J3DFZ,monthly
AEZQS,once
3IG9B,once
Y194K,weekly
20UI8,daily
P3Q01,monthly
3EOYK,weekly
Q56C5,once
NA7OM,daily
8YJJT,monthly
JYBO1,daily
8UYZW,weekly
NCALG,monthly
SSHQO,once
AEW7U,yearly
X9CLC,weekly
36FY3,weekly
O8BIB,yearly
R3NYW,monthly
6ZX6A,yearly
K2CD7,weekly
T9D8D,once
KLILD,quarterly
DIEOX,quarterly
CQOL1,quarterly
BNMKU,weekly
H6NR8,weekly
Q4PMS,weekly
WYGIH,daily
D5JXM,monthly
SKOK8,once
LF8NP,weekly
H5ORY,yearly
5WT6O,weekly
INU3L,once
EAZ3J,once
Q5QJB,quarterly
3RAPJ,weekly
S90EO,quarterly
V88H1,monthly
QXKB3,daily
T9X1V,monthly
LXN8C,yearly
N9M8G,yearly
I1IL7,quarterly
URXSK,daily
FT2JA,yearly
S0309,quarterly
PDYWN,quarterly
L8S3F,once
9HP5Y,once
L399R,weekly
W6HFD,monthly
XV3QE,once
6216P,quarterly
U6W9R,daily
7NXE5,once
QCM3U,monthly
U8PJT,weekly
P7PZG,once
9WAH9,quarterly
DGNF5,quarterly
KN8SR,monthly
RB073,once
ZQMEW,daily
YFWD5,quarterly
TPFMM,once
PNXYD,daily
DY2MB,once
QSP6R,daily
LMI12,daily
2GSN6,monthly
ZXCTN,weekly
XGG9V,yearly
HN5J4,yearly
9HMG4,daily
X2UOA,weekly
E3G2K,monthly
D4UOM,weekly
7ZN38,yearly
PF92Z,daily
R78FE,quarterly
GS7RC,daily
BAVY0,once
YW6CY,daily
4AONS,daily
XR685,daily
5AICT,quarterly
UZVJY,once
OM628,weekly
TJKCW,once
5L6JQ,daily
5N0EH,daily
ZBJUZ,quarterly
G68DR,weekly
A91GY,once
TXCW2,daily
F90SW,daily
L7XHK,once
L0LCG,yearly
US448,quarterly
X12ZR,daily
TMJ51,quarterly
HM9FM,weekly
Q4UH5,once
3S9SZ,yearly
9DM3N,weekly
MYA06,once
488TU,once
MFORO,once
GMBNE,weekly
DF4GM,daily
VPUEM,quarterly
EFIJC,yearly
0R25W,quarterly
DKKV7,yearly
Q9UXC,once
JG5JZ,weekly
23ANT,daily
NBW4Z,monthly
UOX4S,quarterly
YDNCU,weekly
6JFVP,quarterly
E1ZRQ,daily
MQUQQ,daily
63C4G,monthly
BQVIW,daily
YBPFT,yearly
60OAD,yearly
68EAC,once
7FFU2,monthly
2T904,quarterly
34FRS,once
8YMTG,yearly
4Q6ZI,daily
UMV0I,once
YNQYO,once
QUMHP,monthly
OYAM5,daily
SY6B5,weekly
GK3I5,monthly
DI3IQ,once
1MREI,monthly
RMHWY,daily
BDMK5,once
8OTA0,yearly
VQ2BV,weekly
OO5QT,weekly
UEWB2,weekly
7P27B,daily
LV2FX,daily
KDGIQ,daily
Q8WJC,once
NZOSU,weekly
VB9YG,quarterly
FSQ3D,weekly
YNLMD,daily
4TYA8,monthly
OSKPM,yearly
Y9WG6,quarterly
3J8RD,weekly
IIYX7,monthly
64ORQ,yearly
E0MLN,monthly
UVS1V,yearly
AX2ST,once
TFHGE,monthly
SRGUH,daily
WGXV7,yearly
858FQ,daily
LMM8X,once
HWFRW,daily
4FUOQ,once
Q4C84,once
FA2SR,once
GOE8P,once
WFA4B,monthly
UKAT1,daily
U9HPM,yearly
AJQOT,weekly
FPS6O,once
0BI2Z,once
OILYK,daily
UA1N5,monthly
ASSPL,weekly
ZK93L,quarterly
OHYJM,daily
ZAP4N,yearly
QMWUS,quarterly
QC9G0,once
ME6NS,once
7LU7S,quarterly
IHVX1,daily
XJ0TX,monthly
V7KJA,yearly
1DV6D,monthly
9YGH1,once
BTHO1,yearly
U0JUO,monthly
XC7KO,quarterly
WW0H1,once
54DC1,yearly
517TB,once
RBZH7,yearly
GVKJ5,monthly
RGKTA,weekly
HVYMM,weekly
RIWN8,yearly
449GT,weekly
50L99,yearly
EWAI2,yearly
1R09K,yearly
HZME1,weekly
E3WSI,monthly
5W2TE,yearly
8SXW9,monthly
3LU6N,yearly
CWY3U,weekly
6RFLB,quarterly
7SBE9,monthly
6S3Q1,weekly
CHUON,weekly
Z9RCH,monthly
Y9O5F,once
DBLCG,quarterly
XC4M7,daily
8E6QR,quarterly
SP4KO,monthly
81FOL,daily
05RLT,daily
KB58G,once
WEW9N,quarterly
USZ9P,daily
E5TLF,quarterly
EYRSJ,daily
S92A7,daily
GW4Y4,once
5L1SE,monthly
E3PVP,weekly
6BI4A,daily
QHXA3,weekly
NND7Y,quarterly
Z8T4K,quarterly
PFWM8,yearly
U2R2H,yearly
YPZDA,once
9T4E4,quarterly
B53W6,weekly
IRZF9,daily
4PIWB,daily
9PDP3,once
3Y5VR,monthly
BPGGX,daily
2S0A5,quarterly
IDIVW,weekly
PNFPJ,daily
QGDHP,weekly
GALK8,quarterly
32DPW,daily
NSDCV,yearly
LFO2S,monthly
NPEOG,monthly
HLXUW,once
3M8HA,yearly
I46YC,quarterly
MZW4R,weekly
TDFWK,once
O5RYB,quarterly
ZOXSK,quarterly
3W3BE,once
77X9V,weekly
COP9U,monthly
9K9K6,monthly
W3OOH,yearly
ZLWIW,weekly
1YWN5,monthly
0EHKS,monthly
TG498,monthly
PHGIR,yearly
1H6N2,yearly
PDRNO,daily
1MZFK,yearly
1GY9W,yearly
A707Z,daily
THJKW,yearly
0D73Z,quarterly
VY7T6,quarterly
5OPDW,yearly
X6WBZ,yearly
1V596,weekly
8NQFX,daily
UG3TH,yearly
HPHXL,monthly
L6X5M,once
PPQ4E,monthly
07V5T,monthly
LPQEA,once
Z2G06,weekly
3RMG0,weekly
IHAQH,quarterly
UGNRH,daily
J1WMW,yearly
VIIEZ,yearly
Y0NMK,quarterly
703KP,quarterly
PZJIJ,weekly
C7Q25,monthly
QZGDR,quarterly
E9L01,weekly
TL3HF,once
TYM3H,quarterly
NTYCV,once
3EPH7,yearly
46NUM,once
BD0BO,daily
HKFYO,quarterly
ZZ626,monthly
4CXFK,daily
241LT,once
1DFNM,daily
BLYA4,monthly
48EA3,quarterly
ZOF3P,monthly
Z9TT1,weekly
FELTH,yearly
NW8ZP,quarterly
LYYOG,once
ZXQC1,yearly
NXV03,weekly
ZRMW4,once
NC8OD,daily
77EMZ,once
9GVYW,monthly
PD6K8,weekly
8ELTN,monthly
MI8B9,yearly
BME8V,yearly
MAWN2,weekly
CNQSA,weekly
I7DTD,monthly
ODLOD,daily
XAKPF,weekly
S8GFY,daily
GO4NJ,monthly
7C3HH,monthly
59PJO,yearly
DDXDK,monthly
FS1M8,weekly
MWQUW,once
RMHRR,monthly
FHAW9,yearly
KO4QN,daily
NBBT0,daily
FU8C8,daily
69QCB,monthly
OD5ZM,weekly
XWGLM,quarterly
FTUGA,monthly
87VYE,monthly
4WFUL,quarterly
C9HF3,once
S9DRY,daily
UUWR3,yearly
KI84G,daily
KKM8N,daily
QF306,weekly
5K8GZ,quarterly
E62DS,once
73V9Q,once
RPJTC,daily
Q5PMM,yearly
I4C95,yearly
U2RL8,monthly
KBL3I,quarterly
IIIJW,daily
605TK,weekly
2TMX9,quarterly
P8WUU,yearly
DAO0F,monthly
6LQWN,yearly
H5JR8,daily
GT4Z5,yearly
P766C,yearly
AL5QS,once
MPALC,quarterly
T89BT,once
WJVRC,yearly
KY86H,monthly
9YYUD,once
GGVA0,daily
86QBU,monthly
WAKVV,daily
RLZ58,once
C0XJ1,weekly
X6UD1,daily
2M3IA,yearly
BK30J,yearly
OQAVY,weekly
NERRR,yearly
ZI4TG,weekly
3CBUE,weekly
EMK94,monthly
3GGQF,quarterly
7ZGCQ,monthly
00T3H,quarterly
E2KKR,monthly
VK0WY,once
TK5LF,yearly
T53L6,monthly
0M1IY,daily
UN2TJ,monthly
AM2V1,once
LNW2F,quarterly
WEF0G,quarterly
A84FX,quarterly
DST27,weekly
PSCEN,daily
ACSR4,monthly
4ZNXK,daily
UN3YA,monthly
BJ84D,weekly
2MZ6U,yearly
LGHXA,daily
UPM1E,weekly
YINGE,quarterly
V5Q8G,once
Y69NJ,daily
IP4GF,monthly
MXE8U,monthly
CF7VH,monthly
196SK,monthly
J6M8Y,once
N8P04,once
29ZGA,monthly
9WYAI,weekly
UGF82,once
Q9VTV,quarterly
SXA4X,quarterly
M5LT8,yearly
47KBB,quarterly
4M3R4,quarterly
XEDFV,yearly
7QRDA,yearly
ELZBH,once
JO0TU,daily
T2NV6,once
F5V7W,weekly
A3F1N,daily
NOTFS,daily
0GC5U,once
U0UW2,daily
C1VLT,weekly
T352D,yearly
7B7IV,weekly
U5N1F,monthly
8JQOY,once
AFO3Y,once
1L75M,yearly
BMJFS,once
ITXGX,monthly
3KMKD,daily
G6LJB,once
GCVOR,once
ONSMD,monthly
PQB34,once
GIFQT,daily
BCL09,daily
12L1Q,yearly
CFU2F,once
CU4WC,daily
QZU3V,yearly
L0MPT,yearly
E0FR3,daily
JP289,quarterly
WN8CN,monthly
T2KOI,once
XWF8Q,quarterly
C0ZZE,once
1BO43,monthly
7BMI0,monthly
RVDG3,weekly
1CG3J,weekly
II66G,daily
AJPY2,once
DH7PU,yearly
SR3P5,daily
J2A6K,daily
GEC5H,monthly
RUZMY,weekly
CWVT6,monthly
0DVVQ,daily
ZJJC7,quarterly
HOJYQ,monthly
3BLET,once
WVQAG,once
8FARI,daily
ZT061,daily
C8CXO,weekly
QEBR8,daily
VXZMM,quarterly
QJ1MU,yearly
GVMBI,monthly
J0YAE,weekly
J30IQ,quarterly
NKKK5,once
YSBR7,yearly
U0CDO,quarterly
GJN3W,daily
69JA8,weekly
GZ08B,quarterly
4REE1,quarterly
CB4CM,daily
QI3NJ,yearly
OC8QZ,quarterly
KQL59,quarterly
X45DU,daily
XEGKF,monthly
CUUSK,once
ZMYA7,quarterly
OHP70,quarterly
5Y7CT,daily
7AGKZ,once
RTOHI,weekly
VR5P7,once
AZ5H0,quarterly
0PA2J,monthly
QPTSS,once
I6CPJ,monthly
JUXCB,monthly
UDHBP,monthly
8SLDK,yearly
TORP8,yearly
81WFO,monthly
6676O,daily
A7E09,quarterly
LBXAQ,quarterly
J6IBQ,monthly
MCX38,once
R6FOJ,quarterly
IY7JQ,weekly
E0SO8,daily
I3UUY,weekly
C3F9W,once
CGXGY,once
M7QLH,yearly
QCO3B,once
SVMX2,monthly
XDZSB,once
1WI8O,daily
R5IHO,quarterly
M19FT,daily
074LH,quarterly
R9HZ5,once
G7F9N,daily
W5RTV,once
4LHO1,once
4STWV,daily
I9FXB,quarterly
L6OFL,monthly
D2NAX,weekly
GV5IY,quarterly
O0M6V,quarterly
86YME,daily
80C93,daily
85THM,daily
DWJ7E,daily
PKL13,once
GMPPF,yearly
CBIU8,weekly
SQYZL,monthly
P1S5D,once
2FO4K,once
7KA6O,yearly
TYBYS,once
RGKPY,daily
3UJUI,daily
B6ECQ,quarterly
75F48,weekly
UH1IX,once
HCJ1E,weekly
2TYUZ,daily
D8Y7I,daily
7XYZA,weekly
MEDLR,daily
FBL70,yearly
NXH2S,quarterly
X3UAF,monthly
JBNVT,daily
KM7TZ,daily
50FCE,weekly
7P865,daily
EKSVB,once
S2PW1,once
QAD5U,once
FL3Y1,monthly
3I8IE,daily
ZBM45,daily
FPMGH,once
KYVL4,weekly
NZQJ8,monthly
9K5N6,daily
MBIR1,daily
VO3NM,once
SNMT1,quarterly
RBA28,once
9PIKP,quarterly
AQ5XA,yearly
8DWD2,quarterly
9V8II,weekly
OIIDV,weekly
EZUQS,daily
8HL5H,once
SOC52,weekly
ZQ77O,monthly
XA91K,quarterly
H6I5C,yearly
M42HN,yearly
1MCPH,once
IHCH2,once
DK7LN,once
PP5JN,monthly
O38J9,once
B80VF,monthly
H7ZHD,daily
L7XQQ,once
YBL4F,once
Y3N1C,daily
MLQS7,monthly
XVPB6,yearly
SRABY,quarterly
GVYOF,monthly
0YG1O,daily
YE927,daily
XWB18,daily
3OPPO,yearly
LGZZ7,quarterly
U2AZ0,monthly
JQADS,once
TJGLM,yearly
E9SPK,weekly
OXAY5,once
LYJZD,weekly
XJHVB,weekly
K8BLY,daily
IA909,monthly
HUTA6,quarterly
AQQFP,monthly
ET8YE,weekly
YG9DT,monthly
LIXFO,weekly
Q2GT2,weekly
QIH0Z,weekly
KFFRW,once
CSX6H,once
FU76E,weekly
200I1,daily
4S5G5,weekly
WD5M0,quarterly
5RGA9,daily
D6LF5,once
2QEOS,monthly
5ST6T,quarterly
5USZJ,daily
KT9SA,monthly
T3HDS,quarterly
78X0A,quarterly
WZRRL,weekly
LLF1E,once
P7K1F,daily
9FRQC,once
5YS6V,yearly
01BO0,quarterly
ND4OZ,yearly
7N9CB,quarterly
L33M5,quarterly
66QH8,once
WOL22,yearly
INJ0O,quarterly
G8SYB,weekly
D9FIH,daily
QSMGA,once
XK15G,quarterly
1XJKL,once
I1ESF,once
81W16,monthly
L433T,yearly
230XF,daily
8JUZK,quarterly
5N7SE,monthly
4L155,daily
X8GOV,quarterly
JPAQK,monthly
CFIIA,yearly
LZNGL,yearly
401A8,monthly
UCP4V,yearly
SDTH5,quarterly
5Q23B,once
YUQW2,quarterly
86XF2,monthly
WLABD,weekly
BYVVF,weekly
R8WL3,daily
1L4VF,quarterly
MOSFB,weekly
R8VMO,daily
DW9X3,monthly
79JEY,monthly
CCGMS,once
VJT80,yearly
MZ0U0,monthly
1OHTD,yearly
249LY,once
D8C1W,daily
QCVL2,yearly
URVJQ,once
7ASYR,yearly
79BEM,weekly
KRXYV,quarterly
XP17V,weekly
PK67F,yearly
21FQM,weekly
G0NHQ,yearly
WQZ1C,daily
R95ZQ,once
WP40Q,daily
W03OM,quarterly
JK24G,monthly
3NUCI,quarterly
LTJXN,quarterly
Y1X3D,yearly
PBMEC,daily
40CRU,yearly
V229O,once
B8GIW,weekly
4ROWG,yearly
8HNRI,quarterly
8DYBL,quarterly
M7PV5,once
2WHZ2,monthly
LB1T8,daily
YQRR6,monthly
U67P8,daily
7FZ85,yearly
8TUPH,weekly
HQ5LV,daily
1QOZT,daily
69X82,once
1UX03,weekly
QGN5H,yearly
3F9TL,monthly
18US8,quarterly
THLNF,weekly
W8GRD,daily
CPLX6,weekly
UVASP,daily
T8H8R,monthly
4VXEP,quarterly
GY5EN,monthly
IK4WE,daily
LW4QS,yearly
784BS,daily
JJMRD,yearly
PVGX4,once
NSGZR,yearly
SY32T,once
MT1TQ,monthly
228GD,monthly
C8HVS,daily
4UA1H,monthly
WS7T8,quarterly
U23VS,daily
QEDIR,quarterly
6F01V,daily
G2VQD,once
VEI12,monthly
7M555,monthly
0PEPD,quarterly
63K71,yearly
EFK7I,yearly
R2CX0,yearly
A54F6,yearly
3ZYZ5,yearly
B8RUR,daily
DWLKH,monthly
UT94P,daily
EE0MW,monthly
BTI45,yearly
2OP37,once
0WS2G,yearly
LYA5C,quarterly
UWS2Y,once
CYON6,weekly
SDE5A,quarterly
CKRT9,monthly
E5QJJ,quarterly
GMNF8,weekly
K7KTW,weekly
OW0VF,weekly
RWEGC,weekly
7WMJJ,weekly
KMFU9,yearly
GR4PX,once
SDRI9,monthly
0Y943,daily
76LAT,daily
74O3M,yearly
T8ZBI,weekly
AYB53,quarterly
LZVVL,once
RJS2K,quarterly
PM7MR,daily
3N2TZ,monthly
Q43PY,once
3R1H1,quarterly
AO1X6,weekly
9KFP9,weekly
186G4,daily
QMQLR,quarterly
YM2JY,monthly
2YNBM,weekly
N4XRP,weekly
YWRYO,monthly
AKDZJ,once
E9EGB,once
4CO5C,monthly
6N0EN,yearly
0CZ4Q,daily
N3YCL,daily
0WRP0,quarterly
AEFVJ,monthly
EO20S,once
574PC,yearly
JGZMO,once
9MQHE,quarterly
C96NR,yearly
V853U,quarterly
9JEC1,quarterly
HZMMD,daily
L30RH,quarterly
Z9IUW,quarterly
N80DG,weekly
KSJYC,yearly
CT3B5,weekly
N0IMH,once
PEPLL,once
4KH1G,weekly
VT6FM,monthly
M4FM5,once
FFDGE,yearly
72DWL,yearly
53LLM,yearly
BIUSX,weekly
SGRGE,quarterly
WPQ2D,quarterly
8X98X,quarterly
KOQ8Y,monthly
VKKP8,yearly
KT50W,daily
BNV1R,daily
SX7N9,once
TKKOY,weekly
N7O1B,quarterly
276G6,once
UXQ69,monthly
0QV7B,daily
X920E,weekly
ACV5K,once
V5TW5,weekly
W2DHL,weekly
8S0GN,monthly
U6LT0,daily
59SME,daily
LZI0P,once
3L9QY,weekly
A1793,daily
RGIVR,quarterly
VPDWK,quarterly
H2QBI,monthly
RSOS8,monthly
XJ8EA,daily
327KM,monthly
7AD5S,weekly
9NK1W,daily
D9NBT,monthly
O45DA,monthly
VZJPN,once
NIKCC,daily
NXCYW,yearly
HGT1F,quarterly
EPG3G,once
Z0BML,daily
4L7EB,once
N13VP,weekly
SX0EP,daily
AMBTG,monthly
JME0R,yearly
R3DGE,weekly
LPSK2,daily
W7DR1,once
FP6V4,yearly
SM7DO,weekly
NXNWJ,monthly
PQ0WD,daily
X2ZGJ,monthly
CIIVR,yearly
D6NXO,daily
3P90E,weekly
JV16S,daily
B8LZY,monthly
J39RJ,monthly
M9RBV,daily
XICS4,quarterly
9RTUO,once
O8PT9,monthly
DLLU1,daily
GVJVM,weekly
M655N,quarterly
H89GF,weekly
9IL1B,daily
IWM2I,quarterly
3CL07,once
X2NKB,yearly
KDJLF,quarterly
4P23T,daily
2BZ5H,monthly
DZMKZ,monthly
OR4B7,once
CAIMA,daily
YZ6S4,monthly
DQIGN,daily
M5XSS,yearly
YZU39,quarterly
2LXD1,yearly
0KWDT,weekly
BY7OP,yearly
XG4KB,yearly
EIV0S,weekly
VPE2I,monthly
J7Y87,yearly
Q82Q9,once
XHJ6F,daily
2817K,yearly
SB6AV,yearly
BM3E7,once
BBPFK,once
AAZBC,quarterly
XKQET,weekly
9YJM8,quarterly
NYA08,weekly
I46NH,monthly
1PFCD,daily
ABCAG,once
91HS1,daily
CRGE1,once
UJ7IQ,yearly
61DR7,once
21SSY,monthly
VIQ7M,once
Z6VDD,quarterly
JMV3R,weekly
PGXKC,weekly
5IXRK,yearly
IX6E4,monthly
6S907,weekly
TV4SE,monthly
8XYYT,quarterly
4Q3GC,yearly
6SZTS,yearly
2T8DT,monthly
HT61B,once
0N6J2,once
TLCX8,monthly
5OO3P,once
MMLE3,monthly
TVIK2,weekly
7TOYV,yearly
GOMSF,weekly
LK4O5,once
GP13P,yearly
JM6XO,daily
OWICC,daily
6I5GS,weekly
MW9WK,weekly
SKCTF,quarterly
VNJMH,quarterly
N16MT,yearly
FS21H,once
BWNP9,daily
LWQTG,monthly
IJWP3,weekly
GQPSS,weekly
FYHRP,monthly
LB5ID,yearly
OJEPM,quarterly
MQ6D2,quarterly
L9P3N,quarterly
OSQNL,once
RVBZ9,monthly
9UC9A,yearly
KR36Q,monthly
IGVH5,quarterly
F5Q0E,once
AXD1X,monthly
TRJ3M,yearly
V1RI2,once
GQ46R,weekly
MBEW1,weekly
SRJGW,monthly
VJCU1,once
H9K88,once
927OA,once
N9B9M,daily
BM21V,once
NF1VM,daily
YZ31A,once
DRJHJ,daily
TNMZU,daily
GJM6C,monthly
9F8SV,quarterly
K0ZJS,daily
WOOTB,yearly
AOJR3,quarterly
DMRC3,daily
CBU7D,daily
OO7AU,monthly
5N9XV,quarterly
YFCNV,weekly
Z1L9Q,monthly
NUUZE,monthly
WM645,once
JKWP6,weekly
809ET,daily
I5152,quarterly
WA88F,once
OV00P,monthly
R4BB4,weekly
PNV6Z,yearly
HYMQO,monthly
NH1D4,quarterly
AUEJG,weekly
YNSB8,weekly
7DZ06,once
0WZ23,daily
42KRW,once
GD1O1,monthly
RSYTS,once
UEP1Y,once
L8I6F,weekly
178XE,monthly
6XAGM,weekly
Q6BRQ,yearly
MADUT,quarterly
V0USC,quarterly
VVFC5,quarterly
I2LOR,once
I2R6R,quarterly
DR5HM,monthly
PSYCJ,daily
5W7OJ,yearly
U90VS,yearly
XIVDS,daily
UVXD3,quarterly
EUDZ5,once
XCODN,weekly
02ISS,once
JKTCO,weekly
XEHU2,weekly
3LA1T,daily
91PWF,weekly
HLJIH,monthly
GDTKP,yearly
ZMXIC,quarterly
L9D2X,yearly
2CI85,yearly
57CQB,daily
7XXZ5,once
SWKO4,daily
YZUZ7,once
Q9VYQ,quarterly
951GK,yearly
1IJ4G,quarterly
164W7,quarterly
R23XR,yearly
IAOHR,yearly
I5AIS,weekly
GGOQK,monthly
F345D,yearly
3KCQY,monthly
RGTHN,monthly
MSLQP,monthly
KEDMH,weekly
4NBH1,daily
E7DGW,weekly
MOE89,daily
GC0S9,quarterly
2VBS7,daily
V4J2B,weekly
F71V4,monthly
IU2LU,once
QZ6DU,weekly
CEX9Q,yearly
ZX2Y8,quarterly
UTQTP,yearly
P4HLE,yearly
7GHVZ,monthly
6Y8W1,quarterly
6HMTH,weekly
GLYAK,once
FPKUQ,once
FC134,quarterly
3YK2E,weekly
N2ER8,daily
D68PR,daily
BKH3U,daily
D7NZZ,monthly
U6CSS,daily
FOHTA,monthly
YZX0A,weekly
RG4YT,once
BR6RQ,daily
08OCF,once
WU9Z7,once
OGH9A,weekly
WPF85,weekly
I6RYC,once
UNNR2,quarterly
T4I5S,yearly
4TG4N,quarterly
ZOXPM,quarterly
WV789,daily
PAA9W,yearly
RXJG1,daily
P0A56,once
A6ZFE,daily
LFAYI,once
0CPCE,weekly
ZBFFJ,once
KQC81,yearly
5RUIP,quarterly
2JES3,monthly
XZOGN,weekly
8EEJQ,monthly
FM92D,daily
ICE45,weekly
RP7Q0,monthly
GVRRL,weekly
VDEO6,quarterly
7T86D,once
HKYKY,once
9DY18,quarterly
3TL2H,weekly
YENHB,once
F8E5O,weekly
HYDFI,daily
9SBGK,weekly
N6YYX,quarterly
H8HT2,monthly
SDD2W,yearly
9SEGC,yearly
H5EH2,monthly
WOVEU,weekly
Y6YM1,monthly
E51JK,yearly
U4L8A,quarterly
XCCVY,once
8G4BO,quarterly
KIT03,once
U5MNX,monthly
V750Q,weekly
CC0O8,once
H78YV,monthly
JTOF3,weekly
YIQF3,once
JGBOE,monthly
7AR0K,yearly
A09KW,daily
N7IF1,yearly
5KIRT,yearly
R8D0Z,daily
9EQ7O,yearly
M0332,quarterly
AFM21,daily
KOLM6,quarterly
ZG4HN,yearly
TRUAN,quarterly
JUWYO,once
P7GNH,quarterly
TISVQ,yearly
RVKZR,daily
4CXAF,daily
0XW9D,quarterly
2KD6U,once
P1RO0,yearly
YNRCB,monthly
HKATI,quarterly
4F3SC,daily
OYFNI,daily
WAIA2,monthly
44PZK,once
IATKX,daily
AIHQB,quarterly
7RGPH,yearly
DVZ7T,yearly
NQG7W,daily
7CQEC,once
U0XZV,yearly
5AVP5,yearly
XG1PB,yearly
H1MJD,monthly
EZ3PA,yearly
SSUQ5,quarterly
0IXUU,monthly
DP3EN,quarterly
TGW4Y,yearly
U61OZ,daily
3UISG,weekly
HAAT2,once
3XC87,daily
V7824,daily
CZ2PH,yearly
DH3JO,monthly
3BLOR,weekly
3ZCRU,daily
5V49P,yearly
HPJNS,once
VS6GH,once
FFSBE,daily
43SSH,weekly
YEXTH,once
RB0V5,daily
7J74H,monthly
IAU01,monthly
U78VC,once
2I47G,once
76I1M,quarterly
LBRR3,yearly
PYJPY,daily
0WHE1,quarterly
ZO0DX,weekly
BKET7,weekly
QEA0D,quarterly
0832A,once
2WVRA,daily
5MSZJ,monthly
NNIAI,once
ZOV7D,daily
HYW12,yearly
WTX1N,monthly
JSDUQ,daily
OTR3V,daily
TSR4C,monthly
LGNGM,monthly
108IR,once
HY31G,yearly
XDIR8,yearly
4736I,monthly
3OPPI,weekly
ZSCBA,weekly
JZA8P,monthly
V2MD4,once
C3IOZ,weekly
NCXHW,once
270Q5,monthly
TMQ3V,once
8QS8E,once
8FQEJ,weekly
1SM77,monthly
GP02D,monthly
FTE5K,weekly
6NE9K,quarterly
Z6AUR,once
BY7G2,daily
712LM,daily
488S8,yearly
3E1K5,monthly
LV5ZJ,once
5ZS2Q,daily
JUTW1,monthly
WALEW,weekly
5BPXO,yearly
KS2PG,monthly
X17ZG,yearly
ZVVTC,quarterly
BJOXQ,quarterly
1WXFW,daily
MSU7R,quarterly
D8IAQ,yearly
5C7SX,quarterly
G7TQR,monthly
W9A30,monthly
PBCIG,yearly
3YLG2,once
I3UR0,weekly
7869M,daily
YJEBI,once
CCYSP,daily
ULMVY,yearly
AZ5EL,monthly
1KIJT,weekly
IKDP3,once
AQ8ZK,daily
0NP3X,quarterly
A77X8,weekly
M62I4,weekly
U3S21,yearly
T2QLM,daily
JEFEK,weekly
ABDAO,once
OIK8F,monthly
H3PRI,once
R5P40,quarterly
WCN9R,monthly
TVSC3,monthly
0WXW7,yearly
IDBJQ,weekly
XGZ7O,yearly
ZD9I1,daily
QVMBI,daily
11PLM,daily
FI4VA,weekly
JZBH8,once
J458O,yearly
WSMKJ,yearly
94OTL,quarterly
7TK8M,once
8ZFK9,monthly
0YAM8,monthly
4GLOC,weekly
9V1V6,monthly
IM0BT,monthly
JTZIV,weekly
OFNJQ,once
X39UN,yearly
XDBF4,quarterly
VS1JL,yearly
1VMHF,yearly
NL98D,once
PWAEF,monthly
ZL0EG,yearly
3OEXT,quarterly
SB6QJ,once
P95Q5,weekly
6XMAN,quarterly
IVQEB,yearly
7DWR4,once
A6E9B,once
CGLWU,once
10Z7E,quarterly
JSGI7,monthly
OOQ1N,once
7S9YH,monthly
UEZBI,yearly
Y4RI7,monthly
TZN76,monthly
3FHD0,weekly
ICWTJ,quarterly
36HOX,yearly
A3LDK,yearly
L5N97,once
V4QMZ,weekly
HJVR0,monthly
Y64EJ,quarterly
HDBUH,daily
ZEJ0P,daily
4PM9J,monthly
EYVQW,once
6JJ1P,monthly
M3EA8,monthly
UOK1I,monthly
1VQUS,weekly
7HH0C,yearly
AYFF1,monthly
MV9P9,daily
6BTE7,weekly
6QQG1,monthly
ZK1TA,daily
M6CYH,quarterly
M1Q54,quarterly
HMWBH,weekly
2BW6C,yearly
4JPGT,daily
SFIF1,once
NUH8C,daily
QIW1E,quarterly
6NXK0,daily
W1G69,weekly
QCA96,weekly
LNNVZ,daily
LX3RZ,daily
WNR4H,quarterly
W6ST3,daily
4IP9Q,once
MB60D,monthly
1T3WI,once
MEX0A,quarterly