user_id,website
05M7F,http://www.fields-greene.com/terms.php
078O0,http://www.sweeney.com/category/search/faq/
07RB8,http://sanchez.org/main.html
08KUN,
08WHX,https://church.info/register.html
0BMS5,http://www.wilson-larson.com/terms/
0C7T4,http://www.green.org/categories/category/wp-content/home/
0HC1E,http://rosario-cox.com/categories/category/author.jsp
0HGJC,http://www.johnston.com/login/
0OWRH,https://thompson-smith.com/categories/blog/about/
0QEPM,https://www.jackson.com/explore/app/list/home/
0R2KU,http://barr.biz/tags/blog/faq.asp
0RNM3,https://www.chang-lewis.com/
0V5C9,http://johnson-gilbert.com/
0WYR7,https://mcdonald.com/main/posts/about.jsp
0X722,https://www.schaefer.com/main/author/
0YDV7,https://wright.com/tags/tag/homepage/
0YU61,https://www.walker.org/
0Z2LJ,http://campbell.com/about/
0ZJZT,http://bryan.com/category/
1149O,http://www.mayer.info/category/main/app/faq/
12TJH,
142WW,http://mccoy.info/login.jsp
152MD,https://robinson.com/categories/category/author.asp
19J34,
1E2BT,
1H9CX,https://www.friedman.com/about.html
1HBQW,http://miranda.com/category/
1JA6J,http://www.berry.com/
1MXH9,http://www.martinez-davidson.org/privacy/
1QXIF,http://pratt.com/app/posts/homepage.htm
1VPD1,https://www.sawyer-thompson.com/homepage.php
1VT3O,http://carr-doyle.com/post.html
1WI5Q,https://www.smith-patel.com/app/category/about/
1XG6O,
20AR2,http://www.powers-west.com/homepage/
22VQ9,http://www.white.org/tag/app/tags/terms/
231ZN,https://www.holland.com/
29003,
AZQD3,https://burton.org/login.php
2LOF1,https://gardner.net/search.html
2LVZE,http://www.stanley.com/search/search.html
2SZAM,http://summers.org/
36SYH,http://www.ortiz-riley.com/categories/author.html
3AFOH,http://www.martin-meadows.com/terms/
3DEPB,https://bradford.com/category/
3FKG7,https://vazquez-lambert.com/category/explore/blog/author.htm
3FLK5,http://www.cook.com/category.jsp
3I68A,https://www.robinson-williamson.com/search/
3K1ND,http://www.jackson-harris.com/posts/app/tags/home/
3KCY4,https://www.gonzalez.biz/list/search/categories/login.htm
3KFLS,https://www.gordon.com/
3KLP3,https://moody.info/main/
3LLAJ,https://www.howe-williams.com/main/explore/privacy/
3M1YI,https://www.bowman-haley.com/category.jsp
3O35F,https://www.haynes.biz/
3QPJE,http://cochran.biz/category/index.html
3RNZG,http://www.cobb.com/category.php
3S3MN,
3XOCG,
426K8,https://walton.com/tag/about.html
449OC,http://jacobson-goodwin.biz/
46YCO,
4CXZQ,http://www.prince.com/main.asp
4DGUK,http://www.forbes-obrien.org/tags/app/tag/home.html
4FD3N,https://www.garza.info/register.php
4GR4S,http://www.gould.com/about/
4I4WY,http://www.roberts-davis.info/categories/main/
4L0BA,https://www.rodgers.com/blog/wp-content/login/
4MSI6,http://www.diaz-harris.info/main.asp
4OUJ8,http://ward.org/tag/search/post.htm
4PJSD,https://rogers.org/categories/categories/category/register/
4UMXE,http://bryan-chapman.biz/categories/blog/wp-content/main.htm
4VDK3,https://www.patel-crawford.com/main/search/index.php
4Z5VC,http://atkinson.org/app/register.htm
JEEP3,http://pearson-diaz.info/app/main/homepage/
519G2,
51WHM,https://www.mitchell-riddle.biz/login.htm
549RZ,https://www.nixon.com/category/list/privacy/
5H4D3,https://hudson.com/
5JJX3,
5MYGN,http://www.riddle-payne.org/
5NRYI,https://mcpherson.com/tags/app/search/category/
5P7C4,https://thompson.org/author/
5PQAC,https://lawson-wilson.com/category/
5XI94,
61A69,https://preston-hall.com/
62876,https://www.owens-torres.com/homepage.asp
670AO,https://www.pacheco-lawson.com/privacy/
67EYU,https://gibson.org/blog/tags/main/homepage.php
69SJG,http://www.bartlett.org/
6A1CR,http://johnson.com/posts/homepage/
7H518,http://www.mosley-kirk.com/main/wp-content/main/faq/
6EBHW,http://mcgrath-martinez.org/main/posts/faq/
6F0TV,https://www.reed-mack.com/terms.html
6FWZI,
6GSGP,https://ryan-williams.biz/author/
6IPKS,https://harris.com/category/main.htm
6K1RV,https://lee-smith.net/
6KVU0,https://erickson.com/
6KXC3,https://www.johnson.com/privacy/
6LV2R,http://gray-chapman.com/
6NS86,http://pineda.com/category/
6P3VN,http://www.jennings.com/
6PA04,http://hill.org/main/categories/post/
6QJGV,http://short.com/
6RCV4,http://www.santos-schultz.net/category/category.html
6WQ8P,http://haley.com/main/blog/about/
6ZG2P,https://carter-roberts.com/post/
77E29,http://www.porter.com/blog/search/
77KUY,
7B5PR,https://www.goodwin-holland.com/homepage.php
7CIPO,http://www.bush-robertson.com/search/main.php
7E9AJ,http://www.spencer.com/index.htm
7ERSM,http://casey.com/search/search/categories/privacy.php
7IVK8,http://lane.com/privacy.asp
7QINW,http://www.cooper.com/index/
7T5MJ,
7TOUB,https://fisher.com/main/
7VWUB,https://www.coleman.net/about.asp
7W8YE,https://olson-meza.com/list/category/home.jsp
7WHJR,https://www.campbell.com/
84ZNK,http://www.randall.biz/
859E2,https://www.cardenas.net/home/
85TQL,http://jacobs.org/search/list/about.htm
86J10,http://jackson.info/
87BU7,http://www.leblanc.com/faq.php
87CKX,
87U6Q,https://rodriguez-pennington.info/explore/app/tags/search.html
8AOIB,https://hays.biz/
8EBHM,http://johnson.com/explore/home/
8F6ZS,http://www.lowe.com/
8HSSP,http://cortez.net/index.htm
8K3RE,https://www.mullins-morris.com/search.php
8LJTP,https://www.porter-weber.com/list/tags/terms.html
8MZDC,http://contreras.info/tag/main/category/
8Q3XK,https://www.garner.com/app/tag/home/
8RY42,http://www.schmidt.com/categories/wp-content/category/index/
8VI0V,
8X3PV,http://scott.com/register.asp
92I2Y,http://www.browning.com/
9CK79,http://johns-adams.com/homepage/
9CR7S,http://rose-patterson.com/
9CWE6,https://johnston-hunt.com/
9EN65,https://www.brandt.com/login/
9FJ8S,http://www.morris.com/terms/
9R01Y,
9WYAI,https://www.garcia.net/faq.html
9X7GU,
9ZP9F,https://smith-chase.net/explore/category/main/register.php
A0B31,https://www.bonilla-castaneda.com/posts/search/main/login.jsp
A34BI,https://lopez.biz/homepage/
A5WQ0,https://www.smith.net/register/
A7G8C,http://www.robinson.org/
A8U7K,http://www.foster.com/app/search/register.php
AADER,http://mathis.com/
AP5ZX,https://www.moore.org/categories/categories/register.html
ARQJD,http://www.castaneda.com/
ARWEB,https://williamson-scott.com/terms.asp
AU687,https://www.cole.com/category.jsp
AWFGJ,http://smith-cox.com/
AWXDQ,http://www.fisher.com/search.php
AXYFV,http://taylor-garza.info/
AZB2M,https://www.rodriguez.com/homepage.html
BBHBZ,
BF3QQ,https://www.melton.biz/privacy/
BHDQW,http://www.grimes.com/about.html
BIVH0,https://barr-white.com/app/main/
BJLLH,https://www.wilson.com/posts/list/index.html
BK9EY,http://heath.com/posts/wp-content/search/index/
BKW17,https://hall.info/faq/
BL4U8,http://sims.net/main/
CZOIF,https://www.jackson.com/index.jsp
BQ74R,http://carter-bell.org/
BSJMW,http://www.dean.org/terms/
BV5DO,http://flores-mckay.org/
BW3MU,http://patterson.com/register/
BX2PI,http://kelley-mejia.info/
C0UHU,http://www.park.com/explore/main/login.html
C1NTG,https://nelson.com/
C78AR,https://brady-hunt.com/blog/tags/search/privacy/
C8HL5,http://www.perry-osborne.com/homepage.jsp
C9PS9,http://chapman.com/posts/index/
C9XKL,
CA1H1,http://www.anderson.biz/search/terms/
CA969,http://www.avila.com/category.php
CAFPE,http://www.rivera.info/
CCMQG,
CGC2X,https://www.hester.info/author.asp
CHM29,http://www.huffman.com/search/terms/
CJZRT,http://www.gonzales.org/posts/privacy.htm
CTMHY,http://stevens.biz/app/search/category/category/
CUVCD,https://www.reyes.org/
CVK2U,https://www.davis.com/posts/login/
CXDQI,http://doyle.com/faq.asp
CYGAE,http://leon-clark.com/faq/
CZ859,https://www.walker.com/blog/faq.jsp
D73LI,http://baldwin-campbell.com/main/blog/privacy.html
D7CK2,http://www.young.com/
DAWJW,https://weaver.net/homepage.php
DBPO3,https://www.jackson-gentry.com/app/home/
DDZV9,https://fuentes.biz/
DGX8H,https://www.mclaughlin.info/homepage/
DI0C5,http://west.com/
DNCLE,https://moore.org/list/author.php
DPGAP,
DRBJ8,http://www.taylor-wallace.com/category/
DRNO4,http://www.lamb.net/privacy.html
DW4SG,
DZC76,http://gonzales-decker.com/author.asp
E189I,https://byrd-davidson.org/
E9K7C,https://www.cooper.org/category/
EBQH2,http://www.franklin-duncan.net/category/
EDOMX,http://romero-kaufman.com/tags/index.htm
EGA3T,https://love-hines.info/main/login.html
EJ2DW,https://wilson-jacobs.com/post.htm
EJ8AM,https://hamilton-vincent.com/privacy/
ET59G,https://knapp-jones.com/about.htm
EXO6D,https://miller.com/tags/index/
F1G3J,http://www.lozano.com/
F1I7H,http://cox-mitchell.com/blog/blog/terms/
F5WTM,http://ali-hernandez.net/homepage.html
F98VS,https://hubbard.net/search/wp-content/search/author.php
FCQGQ,https://www.lynch.com/faq.htm
FFBXJ,https://cruz.com/
FFZPQ,https://www.rivas.com/tag/search/about/
FQUO1,http://robinson.com/
FRH4L,http://hall.com/about.htm
FUAY0,
FUR3X,https://ellis.com/index.htm
FUS1Y,https://wilson.net/
FWB4W,http://www.carroll.org/homepage.jsp
FWVAJ,http://www.clark.com/explore/login.htm
FXVJ8,https://alvarez-krueger.com/homepage/
FYQCT,http://www.king-lucero.com/author/
FZ6BO,http://garcia.biz/category/explore/privacy/
G06XS,https://reyes.com/index.htm
G2W79,https://www.sutton.net/faq/
G558B,http://www.wheeler.com/categories/search/
G60H0,
G6G4D,https://jenkins.com/terms.php
G6UPG,http://www.clements-kim.com/
G7ZYX,https://meyer.com/tags/wp-content/category/
G9Q2G,http://diaz.com/category/list/homepage/
GJK7R,https://lawson.org/tag/app/tag/about/
GKTCF,https://www.walker-parsons.biz/home.php
GLVQG,
GOW8W,
GPJ8L,http://holmes.com/app/tag/author.php
GPYLB,http://hicks.com/about/
GQIZU,https://www.harmon.com/home/
GQM6L,https://www.glover.com/
GV6M6,https://www.smith.info/app/app/tags/post.html
GVYOF,https://clark.com/
GZ97S,https://rodriguez-hoffman.info/category/posts/privacy/
H2NH0,http://www.barajas.com/
K5CLT,http://www.price.org/index/
H7FKP,http://www.collins.org/search/
HC0DY,http://www.young-farrell.info/post.jsp
HFAMO,
HGTUB,https://goodwin.com/
HH8AJ,https://www.wall-fernandez.net/main.html
HQF90,https://moody.com/tags/category/search/search.php
HQSNA,http://www.johnson-lindsey.com/
HSQAJ,http://www.jacobs.info/post/
HVJUT,http://www.nelson-davis.info/
HYR8F,https://www.guzman.net/
I8U4Z,https://davis.com/
IBCNI,https://parker-melton.info/explore/main/login/
IH8AP,http://www.webb-davies.com/wp-content/category.html
IJ61L,
IJI6N,https://www.johnson-gibson.com/
IP7TK,http://www.lang.com/
ISPDE,
IUWG8,https://graham-harris.info/home/
IXU4J,https://white.com/
J4F6P,http://dalton.com/index.htm
J5PAC,https://mcneil.com/author.asp
J83G9,http://www.johnson.com/
JCA8Q,https://www.miller.com/app/author/
JCCF8,https://www.tran-davidson.com/about/
JH82V,https://howard.com/register/
JI8HS,https://www.stevens-gonzalez.net/tags/list/posts/author.asp
JQY1C,http://www.hines.info/author/
JUDOH,https://www.fischer.biz/blog/wp-content/wp-content/faq.htm
JWXSS,https://burch.com/search/
JY3X4,https://houston-hill.com/privacy.asp
JZ1WL,https://perry.net/search/category/app/home/
K2VIU,http://www.thompson.com/
K3MXR,
K3UHS,
K3VTH,https://www.thompson-brown.com/
K52E6,http://robertson.com/homepage/
K99E6,https://griffin.net/category.jsp
KGD5Z,https://thomas.com/search/
KR138,https://day.org/
KSZOZ,https://barton.net/category.htm
KV5S9,https://www.delgado.com/tags/search.html
KVJNB,http://powell.com/
KVQRA,https://www.smith.net/explore/about.html
KYTZ7,http://hill.com/main/
L18JT,https://campbell-massey.com/index/
L20JI,https://www.armstrong.com/privacy/
L3VKI,http://harris.info/home.php
L4VJ1,http://elliott.org/blog/home.html
L6USX,http://davis.net/
L8LC6,https://reid.biz/category/search/tags/terms.html
L9Y33,http://wright.com/author.html
LAAAV,http://www.waller.com/
LBHMK,http://www.allen-rice.org/
LC3OK,http://www.king.com/
LHRYU,http://crawford-garza.biz/
LJNGC,https://jensen.biz/blog/categories/main.php
LQ8DW,https://mckinney.net/post/
LV4UC,http://palmer.org/main/blog/posts/faq/
LZAU3,http://www.taylor.biz/
LZLDV,https://murphy-bell.org/home.html
M2HT6,https://flowers.com/post.html
M63IT,http://www.jackson.org/blog/main/
MABWW,https://www.kline.com/main.html
ME7DC,http://www.crawford.biz/categories/list/register/
MJUC1,https://www.beasley.com/wp-content/tag/search.php
MK3V5,http://www.becker.com/main/search/main/register/
MQBSG,http://ramos.biz/category/faq.html
MRY5A,http://www.roberts.com/faq.htm
N169E,
N3780,http://www.price.com/index.php
N5X40,
N7TIV,http://www.hicks.com/tag/tag/wp-content/main.htm
N8P04,http://www.meyer.com/app/author/
NBQEK,https://grimes.com/home/
NCDRU,http://www.daniels.com/
NJN0G,https://singh.org/tags/posts/search/index.php
NJYKN,http://greene-west.com/category/tags/main.php
NKKLD,https://www.wells.com/login.htm
NKNLM,
NL2WY,https://hall-wilson.com/explore/category.htm
NQP88,http://www.davis.com/main/author/
NUPCW,https://www.carpenter-solis.com/
NW0RD,http://chaney.com/home/
O0KP9,https://robinson-rhodes.com/privacy.html
O83AN,https://www.hernandez.com/home.htm
O8YYV,http://campbell-walker.info/
O9NN6,http://swanson-cooper.info/privacy.html
OE791,https://www.villegas.com/faq.php
OETM3,http://www.brown.info/app/blog/privacy/
OFOQB,https://www.farmer.net/index/
OPGY0,http://www.dawson.info/search/explore/category/home/
OREG1,https://moore-shaw.com/post/
OTAU7,https://crawford.com/terms/
OZBPO,https://www.holder-wiley.com/
P0JA5,https://www.morgan.com/categories/posts/list/about.htm
P1ZUA,http://estrada.com/wp-content/about/
P283H,https://davis.org/category/
P35EW,https://www.cruz.com/tag/search.htm
P3UIF,http://simmons.com/post.html
P4FIZ,http://kline.com/about/
P8DKB,https://rice.org/tags/wp-content/search.html
P8UM4,http://www.davis.com/explore/tags/app/author.jsp
P8UOK,http://www.miller.info/home/
P9Q6Y,https://durham-gordon.net/
PB6Z6,http://www.blair.net/app/tags/main.htm
PBHFC,https://www.sosa.com/
PCL39,
PHPNC,https://daugherty.biz/post/
PINBW,http://www.taylor.biz/login.html
PQEAZ,http://sandoval.com/category.php
PRBZA,http://deleon-ortiz.com/
PRF6N,https://www.duarte-saunders.com/login/
PV7VX,http://www.evans.com/
PVB4C,http://porter-james.biz/homepage/
PZXJ8,https://www.gill.com/post/
Q0UI3,http://johnson-moss.com/explore/index.htm
Q17SE,https://williams.net/
Q1X68,
Q24R1,http://ward-davis.net/blog/categories/main/search/
Q6RDS,
Q9QW3,http://www.jones.com/categories/search/app/faq/
QCIEZ,https://www.morrow-walker.com/faq/
QFR1K,http://www.hoffman.com/privacy.php
QLECR,
QMHWG,http://hicks.net/main/home/
QMNGC,https://www.day.com/homepage.php
QN99Y,https://www.wilson.com/author.asp
QQB6Q,https://www.blackburn.com/login.html
QR035,http://price.com/
QR19G,
QTM9A,http://www.matthews.com/category/faq.php
QWAWV,
QWEC7,https://zimmerman.org/
QWK5C,http://castaneda.net/category.jsp
QX1AY,http://frost-torres.com/search/home.html
QXXKB,https://kim.com/
R2YNB,https://mills-singleton.com/
R5OOD,https://www.james-ward.com/main.asp
R7K4O,http://www.hernandez-clark.com/index.htm
R8LB9,https://mcdonald.com/list/privacy/
RBL4D,
RJWPA,
RLY94,http://kirby-hicks.info/
RM38H,https://beasley.com/post.htm
RPWW0,https://jackson-hall.com/list/blog/main/terms/
RSBL9,https://www.smith-long.com/search/
RVZRR,http://mack.com/posts/tag/about/
RYVDX,http://www.williams.com/privacy.htm
S3AB0,http://king.biz/privacy/
SAZF9,
SB3L6,https://www.barnes-carr.org/
SEOMV,http://www.dennis.info/blog/posts/homepage.jsp
SFE8H,http://www.gray-wagner.com/
SGSRE,https://horne.com/main/category.asp
SHGFE,http://davis.biz/faq.html
SHKRM,https://booth.com/blog/tags/categories/main.asp
SNR6X,http://nicholson-hall.com/login.php
SW1FA,https://www.savage-wallace.com/terms.jsp
SZXQH,https://williams.com/register/
T02WF,http://www.robinson.com/posts/posts/about/
T21O4,https://eaton.org/
T40C2,
T4T3I,https://www.johnson-moody.org/register/
TGD2Z,https://rodriguez-sampson.com/wp-content/blog/list/privacy/
TH583,https://fowler-knight.com/explore/tag/login/
TH5WQ,http://gilmore.com/author/
TIQ1A,http://henderson.org/post/
TJ6FX,https://www.hughes.com/privacy.php
TJX73,https://thompson-white.com/register.html
TT1MJ,http://armstrong-sawyer.com/
TYD9O,https://murphy.com/author/
U29GK,http://mcknight.biz/
U3D5E,http://pearson.com/register.php
U4K0S,http://vincent.biz/home.asp
U5R93,http://kelley.info/
U98HN,https://christian.org/post/
UADIT,http://www.lara.com/tags/posts/tags/main.jsp
UBB1Y,
UDZHR,http://www.mcintosh.com/category/
UEAU3,http://huber-park.com/login/
UEVYS,https://www.davis.com/
UFNUW,http://www.hicks.com/
UFNZK,http://www.anderson.com/posts/tag/list/post/
UHYY9,https://roberson.com/faq.html
UOQ2K,
UP16N,http://www.carroll.biz/
UVBIT,https://www.blair.org/app/about/
V1RZB,http://www.adkins.com/login.jsp
V20LN,https://hart.com/search.asp
V2EVU,
V5MBV,http://www.porter.com/index/
V87IG,https://griffin.org/home.jsp
VJL5E,https://lutz.com/about/
VJV2D,https://www.shepherd.com/list/home.html
VKCWC,https://brown-short.net/posts/wp-content/tag/register/
VPIG7,https://webb-day.biz/
VRWGT,https://www.wade.com/blog/tags/category.html
VW8H6,http://www.spencer.com/main/app/blog/homepage/
VWQZC,https://www.cain.com/categories/register.php
VX9SU,
VZNU6,https://sanchez.com/search/
W2FN3,http://www.contreras-werner.com/faq/
W3UYZ,https://gray-brown.com/homepage/
W7QGR,https://arellano-west.biz/tags/register/
WDR82,http://reynolds.org/blog/category/categories/register/
WH1ZH,http://www.galloway-jones.org/register/
WHC3M,
WJRLZ,http://salinas.com/author/
WPI4A,
WSHUH,http://www.shields.info/wp-content/main/
WUSF0,http://www.king.com/
WW2NM,https://smith.com/login.html
WX9FX,https://www.berg.biz/
X1CL7,http://www.may-bell.biz/
X342E,http://www.vasquez.com/terms.jsp
X7OBY,http://cole.biz/post/
X9W2Z,https://www.gonzalez-lopez.com/register.html
XAY57,https://james-martinez.com/blog/main/faq/
XMWLA,http://www.padilla.com/author/
XU609,http://shepherd.com/main/
XV9E8,https://knight-wilson.com/category/search/main/post/
XWXLZ,http://www.sherman.info/search.html
XYUHX,http://www.miller-krueger.com/
XZJXD,http://www.ortiz.biz/login.html
Y10ZO,http://www.baker.net/
Y1GW1,http://rivera-perez.com/posts/posts/privacy.htm
Y26NY,https://www.vasquez.com/faq/
Y2ZFL,
Y4HF3,http://sullivan.com/main/
Y4RHZ,https://www.wolfe-flores.com/main.asp
YA5CE,http://www.farley-vasquez.com/terms.jsp
YAK94,https://mathews.com/search/category/categories/about.html
YDQ24,http://bell.com/faq/
YDZC3,
YFIBA,http://bell-carter.com/index/
YRL14,http://www.nguyen-murphy.com/category.htm
YRTVH,https://www.mccoy.info/
Z0LJU,http://www.hoover.net/tag/privacy/
Z49UX,https://young-boyd.com/search.asp
Z5WLW,https://gonzalez.com/register/
Z6UIX,https://johnson.com/category.html
ZB7CT,http://hanson.com/main.asp
ZLIUE,https://www.mcclain.com/list/tags/homepage.jsp
ZST93,http://www.walker-chandler.com/terms.html
ZTLSE,
ZVZGY,http://young.info/terms/
ZXBS8,http://www.silva.info/homepage.htm